County,City,VIN (1-10)_count,Electric Range_mean,Electric Range_std,Electric Range_min,Electric Range_max,Base MSRP_mean,Base MSRP_std,Base MSRP_min,Base MSRP_max,Model Year_mean,Model Year_min,Model Year_max,Longitude_mean,Latitude_mean,Vehicle Age_mean,EV_Count,Avg_Range,Range_Std,Avg_MSRP,Avg_Age,Charging_Score,BEV_Ratio,PHEV_Ratio,Make_Diversity,Distance_From_Seattle,Distance_From_Spokane,County_Encoded,EV_Density_Category
Ada,Boise,2,215.0,0.0,215.0,215.0,,,,,2022.5,2022,2023,-116.1734,43.5804,1.5,2,215.0,0.0,,1.5,,1.0,0.0,1,7.357761298791908,4.266421605983171,0,Low
Adams,Benge,1,32.0,,32.0,32.0,39995.0,,39995.0,39995.0,2025.0,2025,2025,-118.1026,46.909,-1.0,1,32.0,0.0,39995.0,-1.0,2.06,0.0,1.0,1,4.28657883282228,1.0099443549027798,1,Low
Adams,Hatton,1,266.0,,266.0,266.0,,,,,2020.0,2020,2020,-119.1742,46.8262,4.0,1,266.0,0.0,,4.0,,1.0,0.0,1,3.2528037767439937,1.9363434612692008,1,Low
Adams,Lind,3,215.0,0.0,215.0,215.0,,,,,2023.0,2022,2024,-118.6157,46.9714,1.0,3,215.0,0.0,,1.0,,1.0,0.0,2,3.7702254574494543,1.3740104985042874,1,Low
Adams,Othello,63,174.3651,89.1408,18.0,322.0,59712.5,12569.83,44100.0,69900.0,2021.2222,2011,2025,-119.1742,46.8262,2.7778,63,174.3651,89.1408,59712.5,2.7778,26.78,0.7777777777777778,0.2222222222222222,12,3.2528037767439937,1.9363434612692008,1,High
Adams,Ritzville,26,158.2308,91.0645,19.0,259.0,,,,,2022.2692,2014,2026,-118.3798,47.1274,1.7308,26,158.2308,91.0645,,1.7308,,0.6923076923076923,0.3076923076923077,9,3.9811963943015862,1.091842662657949,1,Medium
Adams,Washtucna,2,149.5,92.631,84.0,215.0,,,,,2019.0,2015,2023,-118.311,46.7558,5.0,2,149.5,92.631,,5.0,,1.0,0.0,2,4.110039582534446,1.2643709898601783,1,Low
Alameda,Alameda,3,150.3333,112.006,21.0,215.0,,,,,2022.3333,2021,2023,-122.2458,37.7671,1.6667,3,150.3333,112.006,,1.6667,,0.6666666666666666,0.3333333333333333,2,9.839478466870082,11.003463133486658,2,Low
Alameda,Berkeley,1,215.0,,215.0,215.0,,,,,2021.0,2021,2021,-122.2702,37.9006,3.0,1,215.0,0.0,,3.0,,1.0,0.0,1,9.705797389704777,10.894436235069717,2,Low
Alameda,Dublin,2,215.0,0.0,215.0,215.0,,,,,2023.0,2023,2023,-121.9164,37.7042,1.0,2,215.0,0.0,,1.0,,1.0,0.0,1,9.910721996403694,10.92051982828656,2,Low
Alameda,Fremont,1,215.0,,215.0,215.0,,,,,2022.0,2022,2022,-121.9833,37.5515,2.0,1,215.0,0.0,,2.0,,1.0,0.0,1,10.060748159555535,11.087222221097583,2,Low
Albemarle,Charlottesville,2,211.5,4.9497,208.0,215.0,69900.0,,69900.0,69900.0,2019.0,2014,2024,-78.4746,38.0604,5.0,2,211.5,4.9497,69900.0,5.0,2.02,1.0,0.0,1,44.88432470128074,40.11659063928539,3,Low
Alexandria,Alexandria,4,204.5,123.4409,35.0,330.0,61400.0,12020.8153,52900.0,69900.0,2021.25,2018,2024,-77.0623,38.8128,2.75,4,204.5,123.4409,61400.0,2.75,3.31,0.75,0.25,2,46.115926485326085,41.321664943344196,4,Low
Allegheny,Pittsburgh,2,254.0,55.1543,215.0,293.0,,,,,2021.5,2020,2023,-80.0068,40.4999,2.5,2,254.0,55.1543,,2.5,,1.0,0.0,2,42.91771801692163,38.09785266717798,5,Low
Allen,Fort Wayne,2,121.5,125.1579,33.0,210.0,54947.5,21146.0283,39995.0,69900.0,2017.5,2017,2018,-85.1673,41.1086,6.5,2,121.5,125.1579,54947.5,6.5,2.01,0.5,0.5,2,37.72851925003153,32.91699934274083,6,Low
Anchorage,Eagle River,1,215.0,,215.0,215.0,,,,,2021.0,2021,2021,-149.5671,61.3216,3.0,1,215.0,0.0,,3.0,,1.0,0.0,1,30.493563618573685,34.92452452145913,7,Low
Anne Arundel,Annapolis,3,215.0,0.0,215.0,215.0,,,,,2023.3333,2022,2024,-76.4898,38.9731,0.6667,3,215.0,0.0,,0.6667,,1.0,0.0,3,46.64811769943134,41.84750715311487,8,Low
Anne Arundel,Crofton,1,25.0,,25.0,25.0,,,,,2023.0,2023,2023,-76.6908,39.0119,1.0,1,25.0,0.0,,1.0,,0.0,1.0,1,46.44340920066054,41.64283129963668,8,Low
Anne Arundel,Edgewater,1,200.0,,200.0,200.0,,,,,2017.0,2017,2017,-76.5657,38.926,7.0,1,200.0,0.0,,7.0,,1.0,0.0,1,46.582284626239606,41.783081647121236,8,Low
Anne Arundel,Fort George G Meade,2,123.5,129.4005,32.0,215.0,,,,,2024.0,2024,2024,-76.7352,39.1085,0.0,2,123.5,129.4005,,0.0,,0.5,0.5,2,46.3819813602222,41.5794280231222,8,Low
Anne Arundel,Gambrills,1,47.0,,47.0,47.0,,,,,2018.0,2018,2018,-76.6969,39.0606,6.0,1,47.0,0.0,,6.0,,0.0,1.0,1,46.428426189135465,41.62677780047358,8,Low
Anne Arundel,Hanover,1,215.0,,215.0,215.0,,,,,2023.0,2023,2023,-76.7201,39.1559,1.0,1,215.0,0.0,,1.0,,1.0,0.0,1,46.388167824241556,41.58448753104936,8,Low
Anne Arundel,Odenton,1,215.0,,215.0,215.0,,,,,2024.0,2024,2024,-76.695,39.0814,0.0,1,215.0,0.0,,0.0,,1.0,0.0,1,46.42646994388008,41.624345661643744,8,Low
Anne Arundel,Pasadena,1,215.0,,215.0,215.0,,,,,2021.0,2021,2021,-76.5729,39.1097,3.0,1,215.0,0.0,,3.0,,1.0,0.0,1,46.541324614690545,41.738026910959746,8,Low
Arapahoe,Englewood,2,118.5,136.4716,22.0,215.0,44100.0,,44100.0,44100.0,2022.5,2022,2023,-104.8751,39.6056,1.5,2,118.5,136.4716,44100.0,1.5,2.61,0.5,0.5,1,19.203032295968253,14.91238146809556,9,Low
Arlington,Arlington,3,216.6667,2.8868,215.0,220.0,,,,,2020.6667,2019,2022,-77.0933,38.8547,3.3333,3,216.6667,2.8868,,3.3333,,1.0,0.0,2,46.077519222393036,41.28242805480318,10,Low
Asotin,Asotin,15,190.2,88.8097,21.0,322.0,69900.0,0.0,69900.0,69900.0,2021.4667,2014,2025,-117.0478,46.3406,2.5333,15,190.2,88.8097,69900.0,2.5333,7.59,0.8,0.2,7,5.433743631236204,1.3713812307305355,11,Medium
Asotin,Clarkston,81,150.963,93.0474,6.0,330.0,51581.6667,15230.6273,36800.0,69900.0,2021.5309,2012,2026,-117.0456,46.414,2.4691,81,150.963,93.0474,51581.6667,2.4691,34.03,0.6666666666666666,0.3333333333333333,18,5.419264072731651,1.3016263672805655,11,High
Atlantic,Egg Harbor Township,1,215.0,,215.0,215.0,,,,,2023.0,2023,2023,-74.5811,39.3623,1.0,1,215.0,0.0,,1.0,,1.0,0.0,1,48.45740282155038,43.64077643970143,12,Low
Autauga,Prattville,3,93.0,105.8867,25.0,215.0,,,,,2022.0,2021,2023,-86.4411,32.4618,2.0,3,93.0,105.8867,,2.0,,0.3333333333333333,0.6666666666666666,3,38.9553171256505,34.51105383800964,13,Low
Baldwin,Foley,1,215.0,,215.0,215.0,,,,,2024.0,2024,2024,-87.6838,30.4061,0.0,1,215.0,0.0,,0.0,,1.0,0.0,1,38.68265933076473,34.38392237848963,14,Low
Bannock,Pocatello,1,291.0,,291.0,291.0,,,,,2020.0,2020,2020,-112.4617,42.9179,4.0,1,291.0,0.0,,4.0,,1.0,0.0,1,10.927257343450828,6.864430588184286,15,Low
Barnstable,Brewster,1,220.0,,220.0,220.0,,,,,2019.0,2019,2019,-70.0662,41.7592,5.0,1,220.0,0.0,,5.0,,1.0,0.0,1,52.591935805881874,47.72584138807823,16,Low
Beaufort,Bluffton,1,215.0,,215.0,215.0,,,,,2022.0,2022,2022,-80.8613,32.2372,2.0,1,215.0,0.0,,2.0,,1.0,0.0,1,44.227066527636666,39.68378803302427,17,Low
Beaver,Rochester,1,215.0,,215.0,215.0,,,,,2023.0,2023,2023,-80.2858,40.7012,1.0,1,215.0,0.0,,1.0,,1.0,0.0,1,42.60951030802865,37.786275998039294,18,Low
Bell,Killeen,1,215.0,,215.0,215.0,,,,,2023.0,2023,2023,-97.7634,31.1058,1.0,1,215.0,0.0,,1.0,,1.0,0.0,1,29.595341184889215,25.70252220619603,19,Low
Benton,Benton City,105,162.9714,93.3229,10.0,322.0,60048.5,15047.5046,39995.0,81100.0,2020.6571,2012,2025,-119.4876,46.2654,3.3429,105,162.9714,93.3229,60048.5,3.3429,43.51,0.7142857142857143,0.2857142857142857,22,3.1446661015122075,2.4883243598855826,20,Very High
Benton,Grandview,5,156.0,83.4386,38.0,215.0,,,,,2020.4,2015,2024,-119.9012,46.2561,3.6,5,156.0,83.4386,,3.6,,0.6,0.4,3,2.780655465892883,2.8450276501292553,20,Low
Benton,Kennewick,1375,165.8945,87.8302,1.0,337.0,62331.25,12700.6073,31950.0,81100.0,2021.0538,2011,2026,-119.2021,46.2014,2.9462,1375,165.8945,87.8302,62331.25,2.9462,551.53,0.7323636363636363,0.2676363636363636,32,3.430796269089725,2.297508644162193,20,Very High
Benton,Paterson,1,215.0,,215.0,215.0,,,,,2023.0,2023,2023,-119.6031,45.9397,1.0,1,215.0,0.0,,1.0,,1.0,0.0,1,3.1976027348624774,2.7739987779377215,20,Low
Benton,Plymouth,1,53.0,,53.0,53.0,,,,,2017.0,2017,2017,-119.3511,45.9356,7.0,1,53.0,0.0,,7.0,,0.0,1.0,1,3.4172013929530065,2.5836850136965217,20,Low
Benton,Pros,1,215.0,,215.0,215.0,,,,,2023.0,2023,2023,-119.769,46.2066,1.0,1,215.0,0.0,,1.0,,1.0,0.0,1,2.920335900200515,2.756543821527242,20,Low
Benton,Prosser,109,174.7156,85.0055,6.0,322.0,66162.5,7475.0,54950.0,69900.0,2021.5046,2012,2025,-119.769,46.2066,2.4954,109,174.7156,85.0055,66162.5,2.4954,45.17,0.7614678899082569,0.23853211009174313,17,2.920335900200515,2.756543821527242,20,Very High
Benton,Rich,1,215.0,,215.0,215.0,,,,,2023.0,2023,2023,-119.2737,46.2739,1.0,1,215.0,0.0,,1.0,,1.0,0.0,1,3.335990684939027,2.309100106101946,20,Low
Benton,Richland,1431,164.1803,88.7385,1.0,330.0,60153.6957,14569.1379,32250.0,90700.0,2021.6792,2011,2026,-119.2724,46.2852,2.3208,1431,164.1803,88.7385,60153.6957,2.3208,574.01,0.7176799440950384,0.28232005590496156,33,3.332687367575895,2.301297442748329,20,Very High
Benton,West Richland,359,164.2201,85.3335,6.0,322.0,60017.8846,14815.0962,32250.0,69900.0,2021.2228,2012,2026,-119.3388,46.2969,2.7772,359,164.2201,85.3335,60017.8846,2.7772,145.15,0.7270194986072424,0.27298050139275765,22,3.267125859222437,2.348100391806111,20,Very High
Benton,Wrch,3,215.0,0.0,215.0,215.0,,,,,2023.3333,2021,2025,-119.3384,46.297,0.6667,3,215.0,0.0,,0.6667,,1.0,0.0,1,3.2674522689704335,2.34771655018232,20,Low
Berkeley,Hanahan,1,215.0,,215.0,215.0,,,,,2023.0,2023,2023,-80.008,32.9035,1.0,1,215.0,0.0,,1.0,,1.0,0.0,1,44.80512055669531,40.22220284979429,21,Low
Berkeley,Moncks Corner,1,21.0,,21.0,21.0,,,,,2024.0,2024,2024,-80.0124,33.1967,0.0,1,21.0,0.0,,0.0,,0.0,1.0,1,44.7056003017519,40.111467205401496,21,Low
Bexar,Converse,2,215.0,0.0,215.0,215.0,,,,,2022.5,2022,2023,-98.3121,29.5153,1.5,2,215.0,0.0,,1.5,,1.0,0.0,2,30.070601304430213,26.35389469243588,22,Low
Bexar,Jbsa Ft Sam Houston,2,32.0,0.0,32.0,32.0,39995.0,0.0,39995.0,39995.0,2022.5,2022,2023,-98.4621,29.4491,1.5,2,32.0,0.0,39995.0,1.5,2.21,0.0,1.0,1,29.990951642287037,26.291114036875648,22,Low
Bexar,Jbsa Lackland,2,215.0,0.0,215.0,215.0,,,,,2024.0,2023,2025,-98.6194,29.3828,0.0,2,215.0,0.0,,0.0,,1.0,0.0,2,29.906261030927954,26.224042014151824,22,Low
Bexar,San Antonio,1,215.0,,215.0,215.0,,,,,2023.0,2023,2023,-98.7228,29.4454,1.0,1,215.0,0.0,,1.0,,1.0,0.0,1,29.786132732028165,26.106275678464744,22,Low
Brevard,Melbourne,1,215.0,,215.0,215.0,,,,,2023.0,2023,2023,-80.684,28.0788,1.0,1,215.0,0.0,,1.0,,1.0,0.0,1,45.99873459531251,41.63353172624201,23,Low
Bristol,North Dartmouth,1,215.0,,215.0,215.0,,,,,2022.0,2022,2022,-70.9807,41.6405,2.0,1,215.0,0.0,,2.0,,1.0,0.0,1,51.69676835596206,46.833597203076344,24,Low
Brown,Green Bay,1,220.0,,220.0,220.0,,,,,2019.0,2019,2019,-88.0862,44.5697,5.0,1,220.0,0.0,,5.0,,1.0,0.0,1,34.38025594814558,29.501972863691673,25,Low
Bucks,Feasterville Trevose,1,215.0,,215.0,215.0,,,,,2024.0,2024,2024,-74.9714,40.126,0.0,1,215.0,0.0,,0.0,,1.0,0.0,1,47.94777676316181,43.117700970715035,26,Low
Burlington,Joint Base Mdl,2,30.0,7.0711,25.0,35.0,,,,,2016.0,2012,2020,-74.5792,40.032,8.0,2,30.0,7.0711,,8.0,,0.0,1.0,2,48.34984967970428,43.52029812030244,27,Low
Caddo,Shreveport,1,215.0,,215.0,215.0,,,,,2024.0,2024,2024,-93.6982,32.4169,0.0,1,215.0,0.0,,0.0,,1.0,0.0,1,32.413192741536584,28.201489472189234,28,Low
Calvert,Owings,1,32.0,,32.0,32.0,39995.0,,39995.0,39995.0,2021.0,2021,2021,-76.604,38.7197,3.0,1,32.0,0.0,39995.0,3.0,1.66,0.0,1.0,1,46.5835701922899,41.7892712644047,29,Low
Camden,Camden,1,215.0,,215.0,215.0,,,,,2024.0,2024,2024,-75.1193,39.9396,0.0,1,215.0,0.0,,0.0,,1.0,0.0,1,47.83121616057865,43.005149848942516,30,Low
Camden,Saint Marys,1,215.0,,215.0,215.0,,,,,2023.0,2023,2023,-81.5461,30.7312,1.0,1,215.0,0.0,,1.0,,1.0,0.0,1,44.13913706678009,39.672545491435265,30,Low
Carroll,Westminster,1,19.0,,19.0,19.0,,,,,2015.0,2015,2015,-76.9922,39.5747,9.0,1,19.0,0.0,,9.0,,0.0,1.0,1,46.04575468227229,41.23402545532028,31,Low
Charlottesville,Charlottesville,1,21.0,,21.0,21.0,,,,,2022.0,2022,2022,-78.4746,38.0604,2.0,1,21.0,0.0,,2.0,,0.0,1.0,1,44.88432470128074,40.11659063928539,32,Low
Chelan,Cashmere,103,179.7184,78.9552,6.0,330.0,63921.4286,7203.0582,52900.0,69900.0,2021.5534,2014,2026,-120.47,47.5224,2.4466,103,179.7184,78.9552,63921.4286,2.4466,42.79,0.8155339805825242,0.18446601941747573,18,1.863984670001337,3.047054472765458,33,Very High
Chelan,Chelan,224,186.4598,75.7716,14.0,330.0,73696.6129,30711.7006,39995.0,184400.0,2021.7768,2013,2026,-120.0145,47.8398,2.2232,224,186.4598,75.7716,73696.6129,2.2232,91.17,0.8303571428571429,0.16964285714285715,25,2.329342980327284,2.59482046585115,33,Very High
Chelan,Chelan Falls,5,176.4,86.3122,22.0,215.0,,,,,2023.8,2022,2025,-119.9852,47.8029,0.2,5,176.4,86.3122,,0.2,,0.8,0.2,4,2.355128552754596,2.563253684284882,33,Low
Chelan,Dryden,1,215.0,,215.0,215.0,,,,,2023.0,2023,2023,-120.5598,47.5413,1.0,1,215.0,0.0,,1.0,,1.0,0.0,1,1.7734878911343053,3.136002023277402,33,Low
Chelan,Entiat,34,176.0294,91.798,6.0,322.0,69900.0,0.0,69900.0,69900.0,2020.2059,2012,2024,-120.2083,47.6756,3.7941,34,176.0294,91.798,69900.0,3.7941,15.04,0.7941176470588235,0.20588235294117646,8,2.124933598962568,2.782350720164508,33,Medium
Chelan,Holden Village,1,220.0,,220.0,220.0,,,,,2019.0,2019,2019,-120.0145,47.8398,5.0,1,220.0,0.0,,5.0,,1.0,0.0,1,2.329342980327284,2.59482046585115,33,Low
Chelan,Leavenworth,370,176.9297,79.7322,14.0,322.0,61962.6667,11637.7852,34995.0,81100.0,2021.5162,2013,2026,-120.6574,47.5981,2.4838,370,176.9297,79.7322,61962.6667,2.4838,149.59,0.8,0.2,25,1.674719588468471,3.2319700571013894,33,Very High
Chelan,Malaga,33,187.8485,70.3501,32.0,322.0,69900.0,0.0,69900.0,69900.0,2020.5758,2013,2025,-120.2023,47.3724,3.4242,33,187.8485,70.3501,69900.0,3.4242,14.66,0.8787878787878788,0.12121212121212122,8,2.1425943339792566,2.7910332584904745,33,Medium
Chelan,Manson,114,175.4561,85.9754,13.0,308.0,65516.6667,8365.9845,52900.0,81100.0,2021.5702,2012,2025,-120.1603,47.8854,2.4298,114,175.4561,85.9754,65516.6667,2.4298,47.19,0.7631578947368421,0.23684210526315788,19,2.189673007551574,2.743673459069068,33,Very High
Chelan,Monitor,2,215.0,0.0,215.0,215.0,,,,,2024.5,2024,2025,-120.4243,47.4905,-0.5,2,215.0,0.0,,-0.5,,1.0,0.0,2,1.91130513785737,3.0030197768246554,33,Low
Chelan,Peshastin,26,171.2308,82.89,18.0,291.0,,,,,2021.1538,2013,2024,-120.6036,47.568,2.8462,26,171.2308,82.89,,2.8462,,0.7692307692307693,0.23076923076923078,9,1.728922060128793,3.178897041428047,33,Medium
Chelan,Wenatchee,640,175.3688,78.5338,6.0,330.0,64723.1481,13487.8552,39995.0,89100.0,2021.6438,2011,2026,-120.3052,47.4149,2.3562,640,175.3688,78.5338,64723.1481,2.3562,257.58,0.8015625,0.1984375,28,2.0359074880750327,2.889512043581058,33,Very High
Chesapeake,Chesapeake,2,237.0,31.1127,215.0,259.0,,,,,2021.0,2020,2022,-76.3326,36.7955,3.0,2,237.0,31.1127,,3.0,,1.0,0.0,2,47.25278018000634,42.5050445294438,34,Low
Chesterfield,North Chesterfield,1,215.0,,215.0,215.0,,,,,2023.0,2023,2023,-77.6012,37.4995,1.0,1,215.0,0.0,,1.0,,1.0,0.0,1,45.85846486418837,41.10019551693154,35,Low
Christian,Ozark,1,21.0,,21.0,21.0,,,,,2024.0,2024,2024,-93.2063,37.0213,0.0,1,21.0,0.0,,0.0,,0.0,1.0,1,30.98955200789453,26.452793318286826,36,Low
Churchill,Fallon,1,32.0,,32.0,32.0,39995.0,,39995.0,39995.0,2023.0,2023,2023,-118.778,39.4749,1.0,1,32.0,0.0,39995.0,1.0,1.86,0.0,1.0,1,8.874100884033266,8.29482508616065,37,Low
Clackamas,Damascus,1,238.0,,238.0,238.0,,,,,2018.0,2018,2018,-122.4569,45.4176,6.0,1,238.0,0.0,,6.0,,1.0,0.0,1,2.1921553320875793,5.507534135164304,38,Low
Clackamas,Gladstone,1,14.0,,14.0,14.0,54950.0,,54950.0,54950.0,2018.0,2018,2018,-122.5948,45.3806,6.0,1,14.0,0.0,54950.0,6.0,1.19,0.0,1.0,1,2.24105034526224,5.648600594837631,38,Low
Clallam,Beaver,1,38.0,,38.0,38.0,,,,,2022.0,2022,2022,-124.3315,48.0543,2.0,1,38.0,0.0,,2.0,,0.0,1.0,1,2.048998284528328,6.916816500385133,39,Low
Clallam,Clallam Bay,3,206.0,149.7097,37.0,322.0,,,,,2021.3333,2020,2024,-124.2602,48.2537,2.6667,3,206.0,149.7097,,2.6667,,0.6666666666666666,0.3333333333333333,3,2.033918843022013,6.8600434145856495,39,Low
Clallam,Forks,28,147.8214,97.5041,6.0,239.0,58566.6667,9814.9546,52900.0,69900.0,2020.9286,2012,2025,-124.3854,47.9501,3.0714,28,147.8214,97.5041,58566.6667,3.0714,12.73,0.6428571428571429,0.35714285714285715,9,2.0819001176809677,6.965493812358175,39,Medium
Clallam,La Push,1,19.0,,19.0,19.0,,,,,2015.0,2015,2015,-124.3854,47.9501,9.0,1,19.0,0.0,,9.0,,0.0,1.0,1,2.0819001176809677,6.965493812358175,39,Low
Clallam,Neah Bay,8,169.125,85.015,25.0,215.0,,,,,2020.75,2013,2024,-124.6274,48.3678,3.25,8,169.125,85.015,,3.25,,0.75,0.25,4,2.4183541200576872,7.236217448363468,39,Low
Clallam,Port Angeles,664,153.3464,87.8018,6.0,322.0,51115.0,15318.5185,32250.0,81100.0,2020.9834,2011,2026,-123.4401,48.1215,3.0166,664,153.3464,87.8018,51115.0,3.0166,267.17,0.6957831325301205,0.3042168674698795,29,1.2219648481032526,6.031872851776635,39,Very High
Clallam,Sekiu,6,173.8333,120.7765,21.0,322.0,64950.0,,64950.0,64950.0,2021.6667,2017,2024,-124.3004,48.2598,2.3333,6,173.8333,120.7765,64950.0,2.3333,4.06,0.6666666666666666,0.3333333333333333,5,2.073981159509409,6.900621447377035,39,Low
Clallam,Sequim,816,155.0564,86.7478,6.0,322.0,58767.9464,22444.1752,31950.0,184400.0,2020.8297,2002,2026,-123.1037,48.0796,3.1703,816,155.0564,86.7478,58767.9464,3.1703,327.91,0.7120098039215687,0.28799019607843135,28,0.9052480985895569,5.693272339349314,39,Very High
Clark,Amboy,33,190.7576,57.3389,25.0,238.0,69900.0,0.0,69900.0,69900.0,2021.3636,2012,2025,-122.4215,45.9196,2.6364,33,190.7576,57.3389,69900.0,2.6364,14.72,0.9090909090909091,0.09090909090909091,9,1.6889677083946852,5.289597044199105,40,Medium
Clark,Battle Ground,882,166.3039,82.99,6.0,330.0,59239.0179,13626.9943,32250.0,81100.0,2021.4422,2011,2026,-122.5331,45.7809,2.5578,882,166.3039,82.99,59239.0179,2.5578,354.38,0.7596371882086168,0.24036281179138322,30,1.8363335998668646,5.441413310896354,40,Very High
Clark,Brush Prairie,400,166.375,85.7947,6.0,330.0,67971.7045,29286.1941,39995.0,184400.0,2021.2275,2010,2026,-122.5458,45.7347,2.7725,400,166.375,85.7947,67971.7045,2.7725,161.52,0.74,0.26,28,1.8836613124444688,5.469416134287095,40,Very High
Clark,Camas,2177,173.7712,79.9734,6.0,337.0,61333.151,16079.2468,31950.0,184400.0,2021.6941,2011,2026,-122.402,45.5869,2.3059,2177,173.7712,79.9734,61333.151,2.3059,872.4,0.7882406982085439,0.21175930179145613,35,2.020509465456672,5.3901155469989686,40,Very High
Clark,Henderson,1,322.0,,322.0,322.0,,,,,2020.0,2020,2020,-115.1463,35.9556,4.0,1,322.0,0.0,,4.0,,1.0,0.0,1,13.688396619034682,11.92316746213019,40,Low
Clark,La Center,268,170.5299,84.2477,6.0,322.0,62009.7826,12528.4593,39995.0,69900.0,2021.2127,2011,2026,-122.6725,45.8616,2.7873,268,170.5299,84.2477,62009.7826,2.7873,108.75,0.75,0.25,24,1.7774986132202737,5.545781287609525,40,Very High
Clark,Las Vegas,6,172.3333,116.2801,19.0,291.0,52900.0,,52900.0,52900.0,2020.3333,2014,2023,-115.2793,36.168,3.6667,6,172.3333,116.2801,52900.0,3.6667,3.99,0.6666666666666666,0.3333333333333333,5,13.437797702004593,11.68960245389038,40,Low
Clark,North Las Vegas,1,215.0,,215.0,215.0,,,,,2023.0,2023,2023,-115.1476,36.2335,1.0,1,215.0,0.0,,1.0,,1.0,0.0,1,13.451964374766982,11.650261226685005,40,Low
Clark,Ridgefield,1301,172.9231,80.5237,6.0,330.0,61902.2727,17903.6409,31950.0,184400.0,2021.8117,2012,2026,-122.746,45.8154,2.1883,1301,172.9231,80.5237,61902.2727,2.1883,522.01,0.7740199846272099,0.22598001537279017,36,1.8380092083556094,5.630321798973832,40,Very High
Clark,Vancouver,9322,162.5425,85.5267,6.0,337.0,59576.3375,18473.763,31950.0,184400.0,2021.5547,2011,2026,-122.595,45.6621,2.4453,9322,162.5425,85.5267,59576.3375,2.4453,3730.39,0.736429950654366,0.263570049345634,37,1.9617954072736525,5.541242810958563,40,Very High
Clark,Washougal,739,164.7321,86.2121,6.0,337.0,59649.6269,13093.4319,36900.0,69900.0,2021.4763,2012,2026,-122.3534,45.5792,2.5237,739,164.7321,86.2121,59649.6269,2.5237,297.18,0.7293640054127198,0.2706359945872801,31,2.027111908602977,5.348271395507142,40,Very High
Clark,Woodland,66,182.803,80.0871,18.0,322.0,57448.125,14597.155,39995.0,69900.0,2021.1061,2012,2026,-122.7402,45.9094,2.8939,66,182.803,80.0871,57448.125,2.8939,27.98,0.8333333333333334,0.16666666666666666,13,1.7451864800072268,5.594740565924393,40,High
Clark,Yacolt,83,169.1205,77.5063,14.0,220.0,68910.0,2213.7073,64950.0,69900.0,2021.5422,2011,2026,-122.4091,45.8668,2.4578,83,169.1205,77.5063,68910.0,2.4578,34.74,0.7831325301204819,0.21686746987951808,19,1.7411034891700181,5.295521656078836,40,High
Clay,Middleburg,1,208.0,,208.0,208.0,69900.0,,69900.0,69900.0,2015.0,2015,2015,-81.8667,30.0668,9.0,1,208.0,0.0,69900.0,9.0,1.2,1.0,0.0,1,44.103051476286765,39.67294141464684,41,Low
Cobb,Marietta,1,153.0,,153.0,153.0,,,,,2020.0,2020,2020,-84.4114,33.9696,4.0,1,153.0,0.0,,4.0,,1.0,0.0,1,40.29809360317185,35.740145632048005,42,Low
Cochise,Fort Huachuca,1,215.0,,215.0,215.0,,,,,2024.0,2024,2024,-110.3462,31.5551,0.0,1,215.0,0.0,,0.0,,1.0,0.0,1,20.032463902875254,17.591268337729378,43,Low
Collin,Plano,1,37.0,,37.0,37.0,,,,,2024.0,2024,2024,-96.8213,33.0818,0.0,1,37.0,0.0,,0.0,,0.0,1.0,1,29.35573388624444,25.239702674358117,44,Low
Columbia,Dayton,23,190.4348,68.2927,25.0,249.0,69900.0,0.0,69900.0,69900.0,2021.5652,2014,2025,-117.9758,46.3219,2.4348,23,190.4348,68.2927,69900.0,2.4348,10.76,0.8695652173913043,0.13043478260869565,11,4.5416710779183385,1.4455385328658676,45,Medium
Columbia,Evans,1,215.0,,215.0,215.0,,,,,2023.0,2023,2023,-82.1303,33.5334,1.0,1,215.0,0.0,,1.0,,1.0,0.0,1,42.59376037731347,38.017277173017,45,Low
Columbia,Grovetown,1,42.0,,42.0,42.0,,,,,2021.0,2021,2021,-82.2036,33.4524,3.0,1,42.0,0.0,,3.0,,0.0,1.0,1,42.5514578679744,37.979458431104575,45,Low
Contra Costa,Bay Point,1,215.0,,215.0,215.0,,,,,2023.0,2023,2023,-121.8885,38.0195,1.0,1,215.0,0.0,,1.0,,1.0,0.0,1,9.596957739304681,10.622147181243532,46,Low
Contra Costa,Lafayette,1,215.0,,215.0,215.0,,,,,2021.0,2021,2021,-122.1281,37.8908,3.0,1,215.0,0.0,,3.0,,1.0,0.0,1,9.717541518305957,10.84082876951758,46,Low
Contra Costa,Martinez,1,215.0,,215.0,215.0,,,,,2023.0,2023,2023,-122.1349,38.0139,1.0,1,215.0,0.0,,1.0,,1.0,0.0,1,9.594326820053611,10.733025445791135,46,Low
Contra Costa,Walnut Creek,2,126.5,132.229,33.0,220.0,,,,,2021.0,2019,2023,-122.0375,37.9091,3.0,2,126.5,132.229,,3.0,,0.5,0.5,2,9.701573973845685,10.785294726617344,46,Low
Cook,Chicago,1,32.0,,32.0,32.0,39995.0,,39995.0,39995.0,2022.0,2022,2022,-87.6534,41.883,2.0,1,32.0,0.0,39995.0,2.0,1.76,0.0,1.0,1,35.147791565473916,30.327670144605566,47,Low
Cook,Des Plaines,1,215.0,,215.0,215.0,,,,,2025.0,2025,2025,-87.8892,42.0423,-1.0,1,215.0,0.0,,-1.0,,1.0,0.0,1,34.889401594467046,30.066054388462746,47,Low
Cook,Skokie,1,215.0,,215.0,215.0,,,,,2021.0,2021,2021,-87.7554,42.0263,3.0,1,215.0,0.0,,3.0,,1.0,0.0,1,35.0240412702475,30.200489410107252,47,Low
Cook,Streamwood,1,21.0,,21.0,21.0,,,,,2024.0,2024,2024,-88.1756,42.0121,0.0,1,21.0,0.0,,0.0,,0.0,1.0,1,34.611565221180044,29.790453522059714,47,Low
Cowlitz,Amboy,1,215.0,,215.0,215.0,,,,,2023.0,2023,2023,-122.4215,45.9196,1.0,1,215.0,0.0,,1.0,,1.0,0.0,1,1.6889677083946852,5.289597044199105,48,Low
Cowlitz,Ariel,25,158.24,90.3711,19.0,259.0,69900.0,,69900.0,69900.0,2021.92,2014,2025,-122.5366,45.9897,2.08,25,158.24,90.3711,69900.0,2.08,11.58,0.68,0.32,12,1.629384086088977,5.376255869097011,48,Medium
Cowlitz,Castle Rock,121,174.0248,83.2257,6.0,322.0,59931.6667,15442.8756,39995.0,69900.0,2021.9091,2013,2026,-122.9072,46.2751,2.0909,121,174.0248,83.2257,59931.6667,2.0909,50.04,0.768595041322314,0.23140495867768596,22,1.4500231791250806,5.653156563372361,48,Very High
Cowlitz,Cougar,3,148.0,116.0474,14.0,215.0,81100.0,,81100.0,81100.0,2021.6667,2018,2025,-122.3086,46.0465,2.3333,3,148.0,116.0474,81100.0,2.3333,2.74,0.6666666666666666,0.3333333333333333,3,1.5598770272043878,5.141915406733172,48,Low
Cowlitz,Kalama,174,178.8391,82.9387,6.0,330.0,61294.0909,13757.7294,39995.0,69900.0,2021.5805,2012,2025,-122.8423,46.0081,2.4195,174,178.8391,82.9387,61294.0909,2.4195,71.21,0.7816091954022989,0.21839080459770116,22,1.677565989760166,5.662253630843458,48,Very High
Cowlitz,Kelso,264,167.9924,86.8191,14.0,330.0,62929.0,12034.213,39995.0,69900.0,2021.3826,2011,2026,-122.8987,46.1442,2.6174,264,167.9924,86.8191,62929.0,2.6174,107.17,0.7462121212121212,0.2537878787878788,22,1.5679539406500496,5.678420418567125,48,Very High
Cowlitz,Longview,467,159.6981,87.9423,6.0,337.0,59387.3333,12520.3377,39995.0,69900.0,2021.0664,2011,2026,-122.9506,46.1468,2.9336,467,159.6981,87.9423,59387.3333,2.9336,188.34,0.7173447537473233,0.2826552462526767,23,1.5850522420412532,5.7277699988739,48,Very High
Cowlitz,Ryderwood,3,161.0,93.5307,53.0,215.0,,,,,2021.3333,2017,2024,-123.0437,46.3733,2.6667,3,161.0,93.5307,,2.6667,,0.6666666666666666,0.3333333333333333,3,1.4235227325195785,5.76290408908564,48,Low
Cowlitz,Silver Lake,1,215.0,,215.0,215.0,,,,,2023.0,2023,2023,-122.8112,46.2969,1.0,1,215.0,0.0,,1.0,,1.0,0.0,1,1.3942034643480137,5.554741276603256,48,Low
Cowlitz,Silverlake,34,178.3235,89.1487,6.0,308.0,64233.3333,9814.9546,52900.0,69900.0,2021.0882,2012,2025,-122.8112,46.2969,2.9118,34,178.3235,89.1487,64233.3333,2.9118,15.16,0.7647058823529411,0.23529411764705882,11,1.3942034643480137,5.554741276603256,48,Medium
Cowlitz,Toutle,8,190.75,68.5894,21.0,215.0,,,,,2022.625,2018,2025,-122.7324,46.3245,1.375,8,190.75,68.5894,,1.375,,0.875,0.125,4,1.3427564857411798,5.4715845465459045,48,Low
Cowlitz,Woodland,202,161.495,89.107,6.0,337.0,57938.25,14042.2275,39995.0,69900.0,2021.3515,2012,2026,-122.7402,45.9094,2.6485,202,161.495,89.107,57938.25,2.6485,82.38,0.693069306930693,0.3069306930693069,23,1.7451864800072268,5.594740565924393,48,Very High
Cumberland,Fayetteville,2,212.5,3.5355,210.0,215.0,69900.0,,69900.0,69900.0,2019.5,2016,2023,-78.8982,35.0196,4.5,2,212.5,3.5355,69900.0,4.5,2.07,1.0,0.0,1,45.22085988534494,40.54800549324221,49,Low
Cumberland,Fort Bragg,3,105.3333,139.1414,25.0,266.0,,,,,2019.3333,2017,2021,-78.9973,35.1356,4.6667,3,105.3333,139.1414,,4.6667,,0.3333333333333333,0.6666666666666666,2,45.093466881578316,40.41776245575701,49,Low
Cumberland,Mechanicsburg,1,215.0,,215.0,215.0,,,,,2022.0,2022,2022,-76.997,40.2472,2.0,1,215.0,0.0,,2.0,,1.0,0.0,1,45.92848977497518,41.102747542713004,49,Low
Currituck,Moyock,1,215.0,,215.0,215.0,,,,,2021.0,2021,2021,-76.1761,36.5229,3.0,1,215.0,0.0,,3.0,,1.0,0.0,1,47.46805109639534,42.72660200413789,50,Low
Dallas,Carrollton,1,215.0,,215.0,215.0,,,,,2024.0,2024,2024,-96.8902,32.9756,0.0,1,215.0,0.0,,0.0,,1.0,0.0,1,29.348675131426294,25.245107325578957,51,Low
Dallas,Dallas,1,215.0,,215.0,215.0,,,,,2022.0,2022,2022,-96.8352,32.7586,2.0,1,215.0,0.0,,2.0,,1.0,0.0,1,29.504967977782993,25.41647112956478,51,Low
Davidson,Nashville,1,215.0,,215.0,215.0,,,,,2022.0,2022,2022,-86.7837,36.1186,2.0,1,215.0,0.0,,2.0,,1.0,0.0,1,37.35844879434905,32.74334688650506,52,Low
Dekalb,Decatur,2,152.0,96.1665,84.0,220.0,,,,,2017.0,2015,2019,-84.2966,33.7744,7.0,2,152.0,96.1665,,7.0,,1.0,0.0,2,40.47243446458342,35.92121528734795,53,Low
Denver,Denver,1,215.0,,215.0,215.0,,,,,2024.0,2024,2024,-104.9498,39.7336,0.0,1,215.0,0.0,,0.0,,1.0,0.0,1,19.081985851844667,14.780539959013678,54,Low
District Of Columbia,Washington,7,180.4286,67.594,37.0,215.0,,,,,2022.0,2018,2025,-77.0075,38.8938,2.0,7,180.4286,67.594,,2.0,,0.8571428571428571,0.14285714285714285,5,46.15436359565584,41.35795409893967,55,Low
Douglas,Bridgeport,4,215.0,0.0,215.0,215.0,,,,,2022.75,2022,2023,-119.6701,48.0074,1.25,4,215.0,0.0,,1.25,,1.0,0.0,2,2.6920634167864534,2.2710144803589456,56,Low
Douglas,Bridgeport Bar,6,201.0,98.7056,19.0,322.0,,,,,2020.6667,2015,2024,-119.7809,48.0997,3.3333,6,201.0,98.7056,,3.3333,,0.8333333333333334,0.16666666666666666,5,2.5984925803242094,2.3958186116649154,56,Low
Douglas,Coulee City,1,215.0,,215.0,215.0,,,,,2022.0,2022,2022,-119.2882,47.6123,2.0,1,215.0,0.0,,2.0,,1.0,0.0,1,3.043906112218306,1.8627804728416082,56,Low
Douglas,Coulee Dam,3,152.0,113.4769,21.0,220.0,,,,,2020.6667,2019,2023,-118.9767,47.9708,3.3333,3,152.0,113.4769,,3.3333,,0.6666666666666666,0.3333333333333333,3,3.3751507107090815,1.5817757394776206,56,Low
Douglas,East Wenatchee,424,170.9316,83.4953,6.0,337.0,62551.0,11989.4488,34995.0,69900.0,2021.2854,2012,2026,-120.2947,47.4152,2.7146,424,170.9316,83.4953,62551.0,2.7146,171.16,0.7783018867924528,0.22169811320754718,25,2.0463332475430205,2.879024253110769,56,Very High
Douglas,Grand Coulee,2,23.0,2.8284,21.0,25.0,,,,,2023.5,2023,2024,-119.0004,47.9428,0.5,2,23.0,2.8284,,0.5,,0.0,1.0,1,3.3486600977107224,1.5998097886936404,56,Low
Douglas,Mansfield,6,184.5,74.7094,32.0,215.0,,,,,2023.3333,2022,2024,-119.6615,47.8598,0.6667,6,184.5,74.7094,,0.6667,,0.8333333333333334,0.16666666666666666,6,2.682613896929628,2.244518044035291,56,Low
Douglas,Omaha,3,89.0,109.3435,19.0,215.0,39995.0,,39995.0,39995.0,2019.0,2016,2023,-96.0634,41.2102,5.0,3,89.0,109.3435,39995.0,5.0,2.6,0.3333333333333333,0.6666666666666666,3,27.03615016399339,22.314683970874427,56,Low
Douglas,Orondo,73,189.8904,71.7175,19.0,330.0,69900.0,0.0,69900.0,69900.0,2021.4795,2013,2025,-120.228,47.6235,2.5205,73,189.8904,71.7175,69900.0,2.5205,30.76,0.8493150684931506,0.1506849315068493,16,2.1041711194672383,2.802222348422758,56,High
Douglas,Palisades,4,198.75,32.5,150.0,215.0,,,,,2022.5,2019,2025,-119.9176,47.4149,1.5,4,198.75,32.5,,1.5,,1.0,0.0,3,2.422066460690131,2.5035090912557028,56,Low
Douglas,Parker,1,32.0,,32.0,32.0,39995.0,,39995.0,39995.0,2020.0,2020,2020,-104.7992,39.5118,4.0,1,32.0,0.0,39995.0,4.0,1.56,0.0,1.0,1,19.311185716314778,15.026965337019982,56,Low
Douglas,Quincy,1,222.0,,222.0,222.0,,,,,2021.0,2021,2021,-119.8534,47.2375,3.0,1,222.0,0.0,,3.0,,1.0,0.0,1,2.5059715441321395,2.4636891950893403,56,Low
Douglas,Rock Island,23,162.1304,80.2226,21.0,215.0,46447.5,9125.213,39995.0,52900.0,2022.4783,2017,2025,-120.1454,47.3716,1.5217,23,162.1304,80.2226,46447.5,1.5217,10.96,0.7391304347826086,0.2608695652173913,11,2.199248519381111,2.7345237610962467,56,Medium
Douglas,Waterville,8,220.125,11.1668,210.0,238.0,69900.0,,69900.0,69900.0,2021.375,2017,2025,-120.0714,47.6496,2.625,8,220.125,11.1668,69900.0,2.625,4.69,1.0,0.0,5,2.261116549406509,2.6454159975323304,56,Low
Dupage,Lisle,3,215.0,0.0,215.0,215.0,,,,,2022.0,2022,2022,-88.0719,41.7988,2.0,3,215.0,0.0,,2.0,,1.0,0.0,1,34.748916512605106,29.933305644549186,57,Low
Duval,Jacksonville,5,176.2,86.7594,21.0,215.0,,,,,2023.4,2022,2025,-81.6032,30.3086,0.6,5,176.2,86.7594,,0.6,,0.8,0.2,5,44.2498617056596,39.80329684686936,58,Low
El Paso,Colorado Springs,16,127.1875,95.7818,17.0,215.0,49148.0,11852.6688,34995.0,64950.0,2021.875,2017,2024,-104.7742,38.9753,2.125,16,127.1875,95.7818,49148.0,2.125,8.04,0.5625,0.4375,9,19.56456713602425,15.345071374548906,59,Medium
El Paso,El Paso,4,146.75,147.2512,21.0,322.0,,,,,2020.75,2017,2023,-106.3659,31.8437,3.25,4,146.75,147.2512,,3.25,,0.5,0.5,4,22.436041288293264,19.29878752719974,59,Low
El Paso,Monument,1,215.0,,215.0,215.0,,,,,2022.0,2022,2022,-104.8716,39.0915,2.0,1,215.0,0.0,,2.0,,1.0,0.0,1,19.425992287139408,15.199065387384843,59,Low
Escambia,Pensacola,2,122.0,131.5219,29.0,215.0,,,,,2020.0,2017,2023,-87.2837,30.4414,4.0,2,122.0,131.5219,,4.0,,0.5,0.5,2,39.02589783208069,34.71306831799806,60,Low
Essex,Montclair,1,35.0,,35.0,35.0,52900.0,,52900.0,52900.0,2024.0,2024,2024,-74.2128,40.8124,0.0,1,35.0,0.0,52900.0,0.0,1.85,0.0,1.0,1,48.596530235501376,43.752186770491825,61,Low
Fairfax,Alexandria,5,178.8,77.0922,41.0,215.0,69900.0,,69900.0,69900.0,2021.4,2015,2024,-77.0993,38.763,2.6,5,178.8,77.0922,69900.0,2.6,3.54,0.8,0.2,2,46.08913518476996,41.29622247288486,62,Low
Fairfax,Burke,2,217.5,3.5355,215.0,220.0,,,,,2021.0,2019,2023,-77.2719,38.7936,3.0,2,217.5,3.5355,,3.0,,1.0,0.0,2,45.91387091936379,41.121083617166505,62,Low
Fairfax,Falls Church,1,291.0,,291.0,291.0,,,,,2020.0,2020,2020,-77.1309,38.8495,4.0,1,291.0,0.0,,4.0,,1.0,0.0,1,46.04159289522899,41.24680412468341,62,Low
Fairfax,Fort Belvoir,2,217.5,3.5355,215.0,220.0,,,,,2021.0,2019,2023,-77.1352,38.6884,3.0,2,217.5,3.5355,,3.0,,1.0,0.0,2,46.06828547330582,41.277313875784124,62,Low
Fairfax,Herndon,2,120.5,133.6432,26.0,215.0,,,,,2019.5,2018,2021,-77.4075,38.9485,4.5,2,120.5,133.6432,,4.5,,0.5,0.5,2,45.751234458208884,40.95545956694907,62,Low
Fairfax,Mc Lean,1,21.0,,21.0,21.0,,,,,2024.0,2024,2024,-77.1849,38.9368,0.0,1,21.0,0.0,,0.0,,0.0,1.0,1,45.97203676366754,41.17547101382084,62,Low
Fairfax,Reston,1,20.0,,20.0,20.0,,,,,2020.0,2020,2020,-77.3545,38.9598,4.0,1,20.0,0.0,,4.0,,0.0,1.0,1,45.80114337786776,41.00484987474042,62,Low
Fairfax,Springfield,10,156.3,101.1281,21.0,308.0,,,,,2021.7,2014,2024,-77.2165,38.7843,2.3,10,156.3,101.1281,,2.3,,0.7,0.3,7,45.97002591874406,41.17718592254697,62,Low
Fairfax,Vienna,2,33.5,12.0208,25.0,42.0,,,,,2022.0,2022,2022,-77.264,38.9006,2.0,2,33.5,12.0208,,2.0,,0.0,1.0,2,45.90121032140656,41.10586711456165,62,Low
Ferry,Curlew,9,178.5556,73.0755,30.0,215.0,69900.0,,69900.0,69900.0,2021.1111,2014,2024,-118.6006,48.881,2.8889,9,178.5556,73.0755,69900.0,2.8889,5.1,0.7777777777777778,0.2222222222222222,3,3.943248317060438,1.6951277238013653,63,Low
Ferry,Danville,1,215.0,,215.0,215.0,,,,,2018.0,2018,2018,-118.508,48.9924,6.0,1,215.0,0.0,,6.0,,1.0,0.0,1,4.067590349334605,1.717327272246032,63,Low
Ferry,Inchelium,1,200.0,,200.0,200.0,,,,,2016.0,2016,2016,-118.1966,48.2981,8.0,1,200.0,0.0,,8.0,,1.0,0.0,1,4.192980546103206,1.0012636266238781,63,Low
Ferry,Kettle Falls,14,162.3571,92.7732,6.0,291.0,69900.0,,69900.0,69900.0,2021.7143,2012,2025,-118.0621,48.6105,2.2857,14,162.3571,92.7732,69900.0,2.2857,7.17,0.7142857142857143,0.2857142857142857,6,4.386515529437912,1.1447078666629331,63,Medium
Ferry,Orient,2,215.0,0.0,215.0,215.0,,,,,2024.0,2024,2024,-118.2087,48.8683,0.0,2,215.0,0.0,,0.0,,1.0,0.0,1,4.312229582246291,1.4406628821483474,63,Low
Ferry,Republic,17,158.7059,109.3508,6.0,330.0,69900.0,0.0,69900.0,69900.0,2020.2353,2014,2024,-118.7375,48.6443,3.7647,17,158.7059,109.3508,69900.0,3.7647,8.25,0.6470588235294118,0.35294117647058826,6,3.7414971294924175,1.6405006857663886,63,Medium
Forsyth,Cumming,1,215.0,,215.0,215.0,,,,,2023.0,2023,2023,-84.1848,34.1271,1.0,1,215.0,0.0,,1.0,,1.0,0.0,1,40.458653389602574,35.88989108829951,64,Low
Franklin,Connell,24,206.3333,79.4485,16.0,322.0,69900.0,,69900.0,69900.0,2021.125,2016,2025,-118.8606,46.6615,2.875,24,206.3333,79.4485,69900.0,2.875,11.17,0.875,0.125,7,3.597745174411322,1.7471933064203327,65,Medium
Franklin,Eltopia,6,123.0,101.5007,19.0,215.0,,,,,2020.5,2014,2025,-119.0165,46.457,3.5,6,123.0,101.5007,,3.5,,0.5,0.5,5,3.5091115684742804,1.9934927865432495,65,Low
Franklin,Mesa,11,174.8182,88.1349,32.0,291.0,39995.0,,39995.0,39995.0,2022.3636,2017,2026,-119.005,46.5783,1.6364,11,174.8182,88.1349,39995.0,1.6364,6.26,0.7272727272727273,0.2727272727272727,7,3.48226547236135,1.913301139392328,65,Medium
Franklin,Othello,5,149.6,111.2601,21.0,259.0,,,,,2021.2,2017,2024,-119.1742,46.8262,2.8,5,149.6,111.2601,,2.8,,0.6,0.4,4,3.2528037767439937,1.9363434612692008,65,Low
Franklin,Pasc,3,157.3333,99.8816,42.0,215.0,,,,,2021.6667,2018,2024,-119.0947,46.2354,2.3333,3,157.3333,99.8816,,2.3333,,0.6666666666666666,0.3333333333333333,2,3.5156580322892563,2.193314215975451,65,Low
Franklin,Pasco,959,174.7956,83.8341,6.0,337.0,65515.6716,24797.3953,31950.0,184400.0,2021.146,2011,2026,-119.0947,46.2354,2.854,959,174.7956,83.8341,65515.6716,2.854,385.14,0.7768508863399375,0.22314911366006257,28,3.5156580322892563,2.193314215975451,65,Very High
Frederick,Frederick,1,215.0,,215.0,215.0,,,,,2023.0,2023,2023,-77.412,39.4157,1.0,1,215.0,0.0,,1.0,,1.0,0.0,1,45.66070164003176,40.854239603864855,66,Low
Frederick,Middletown,1,37.0,,37.0,37.0,,,,,2024.0,2024,2024,-77.5464,39.4439,0.0,1,37.0,0.0,,0.0,,0.0,1.0,1,45.52342326517196,40.71691390773618,66,Low
Fresno,Fresno,2,117.5,130.8148,25.0,210.0,69900.0,,69900.0,69900.0,2019.0,2017,2021,-119.8984,36.7999,5.0,2,117.5,130.8148,69900.0,5.0,2.08,0.5,0.5,2,11.076958760417952,11.136807036579198,67,Low
Garfield,Enid,1,215.0,,215.0,215.0,,,,,2023.0,2023,2023,-97.8963,36.3986,1.0,1,215.0,0.0,,1.0,,1.0,0.0,1,26.883426481756377,22.543320210874,68,Low
Garfield,Pomeroy,3,27.0,13.0,19.0,42.0,,,,,2017.3333,2014,2021,-117.5894,46.474,6.6667,3,27.0,13.0,,6.6667,,0.0,1.0,2,4.875969660488056,1.1960144647954745,68,Low
Geary,Fort Riley,1,215.0,,215.0,215.0,,,,,2023.0,2023,2023,-96.7816,39.0675,1.0,1,215.0,0.0,,1.0,,1.0,0.0,1,26.93951461960664,22.360717498550894,69,Low
Geary,Junction City,1,215.0,,215.0,215.0,69900.0,,69900.0,69900.0,2022.0,2022,2022,-96.8301,39.0283,2.0,1,215.0,0.0,69900.0,2.0,1.92,1.0,0.0,1,26.905991385005677,22.331068650201225,69,Low
Goochland,Henrico,1,215.0,,215.0,215.0,,,,,2021.0,2021,2021,-77.6332,37.617,3.0,1,215.0,0.0,,3.0,,1.0,0.0,1,45.80148226695288,41.04028117691203,70,Low
Grant,Almira,1,215.0,,215.0,215.0,,,,,2024.0,2024,2024,-118.9402,47.7109,0.0,1,215.0,0.0,,0.0,,1.0,0.0,1,3.3935155370205616,1.5150960530606659,71,Low
Grant,Coulee City,18,199.0556,68.1706,19.0,322.0,69900.0,0.0,69900.0,69900.0,2022.2222,2013,2026,-119.2882,47.6123,1.7778,18,199.0556,68.1706,69900.0,1.7778,8.84,0.8888888888888888,0.1111111111111111,5,3.043906112218306,1.8627804728416082,71,Medium
Grant,Electric City,7,161.2857,91.8508,19.0,215.0,,,,,2021.1429,2012,2025,-119.0359,47.9335,2.8571,7,161.2857,91.8508,,2.8571,,0.7142857142857143,0.2857142857142857,4,3.3124099580215,1.6331681174943349,71,Low
Grant,Ephrata,122,154.5164,89.1855,10.0,259.0,49820.0,13129.5833,36900.0,69900.0,2021.9016,2012,2026,-119.551,47.3191,2.0984,122,154.5164,89.1855,49820.0,2.0984,50.48,0.680327868852459,0.319672131147541,18,2.795879757786442,2.151980736437945,71,Very High
Grant,Grand Coulee,7,160.5714,94.6958,19.0,220.0,,,,,2021.7143,2014,2025,-119.0004,47.9428,2.2857,7,160.5714,94.6958,,2.2857,,0.7142857142857143,0.2857142857142857,5,3.3486600977107224,1.5998097886936404,71,Low
Grant,Hartline,2,118.0,137.1787,21.0,215.0,,,,,2023.0,2022,2024,-119.1056,47.6902,1.0,2,118.0,137.1787,,1.0,,0.5,0.5,2,3.2275932596905714,1.6798934847185931,71,Low
Grant,Lakeview,1,25.0,,25.0,25.0,,,,,2023.0,2023,2023,-119.4832,47.389,1.0,1,25.0,0.0,,1.0,,0.0,1.0,1,2.8571676622137527,2.0748165894844717,71,Low
Grant,Marlin,4,215.0,0.0,215.0,215.0,,,,,2023.25,2021,2026,-118.985,47.4072,0.75,4,215.0,0.0,,0.75,,1.0,0.0,1,3.353010499536198,1.5791717955941305,71,Low
Grant,Mattawa,38,178.7368,80.0212,13.0,291.0,69900.0,0.0,69900.0,69900.0,2021.0263,2011,2025,-119.9001,46.7378,2.9737,38,178.7368,80.0212,69900.0,2.9737,16.71,0.8157894736842105,0.18421052631578946,14,2.5823908611982063,2.6399643577139376,71,Medium
Grant,Moses Lake,495,157.1535,91.38,6.0,330.0,59817.375,25359.4815,31950.0,184400.0,2021.1939,2011,2026,-119.2771,47.132,2.8061,495,157.1535,91.38,59817.375,2.8061,199.55,0.6909090909090909,0.3090909090909091,28,3.0915838400405637,1.9246011145169823,71,Very High
Grant,Othello,13,174.0769,75.1315,25.0,215.0,69900.0,0.0,69900.0,69900.0,2019.9231,2013,2024,-119.1742,46.8262,4.0769,13,174.0769,75.1315,69900.0,4.0769,6.58,0.8461538461538461,0.15384615384615385,6,3.2528037767439937,1.9363434612692008,71,Medium
Grant,Quincy,150,178.8667,80.9467,1.0,337.0,67526.8182,12465.9421,39995.0,90700.0,2021.9267,2014,2025,-119.8534,47.2375,2.0733,150,178.8667,80.9467,67526.8182,2.0733,61.61,0.78,0.22,19,2.5059715441321395,2.4636891950893403,71,Very High
Grant,Royal City,30,180.0,75.8501,18.0,238.0,56936.25,13361.3406,39995.0,69900.0,2021.9,2012,2025,-119.6314,46.9025,2.1,30,180.0,75.8501,56936.25,2.1,13.65,0.8,0.2,10,2.7908733722618058,2.3314756807652923,71,Medium
Grant,Soap Lake,31,124.9677,97.0036,6.0,238.0,52615.0,12479.9409,39995.0,64950.0,2020.2581,2012,2026,-119.4832,47.389,3.7419,31,124.9677,97.0036,52615.0,3.7419,13.85,0.5161290322580645,0.4838709677419355,11,2.8571676622137527,2.0748165894844717,71,Medium
Grant,Stratford,1,215.0,,215.0,215.0,,,,,2022.0,2022,2022,-119.2784,47.4263,2.0,1,215.0,0.0,,2.0,,1.0,0.0,1,3.0589945570399357,1.8669338526043209,71,Low
Grant,Warden,16,155.1875,99.1606,19.0,322.0,,,,,2021.3125,2014,2024,-119.0457,46.9697,2.6875,16,155.1875,99.1606,,2.6875,,0.6875,0.3125,6,3.3474702702189902,1.760195131228347,71,Medium
Grays Harbor,Aberdeen,236,156.0,90.357,19.0,322.0,59611.5625,13866.5087,33950.0,69900.0,2021.0508,2011,2026,-123.8162,46.9761,2.9492,236,156.0,90.357,59611.5625,2.9492,95.93,0.690677966101695,0.3093220338983051,24,1.6123209419963485,6.426564815669403,72,Very High
Grays Harbor,Amanda Park,4,119.75,110.0769,19.0,215.0,,,,,2022.0,2016,2025,-123.8969,47.4592,2.0,4,119.75,110.0769,,2.0,,0.5,0.5,4,1.571689549497615,6.473977677595127,72,Low
Grays Harbor,Copalis Beach,11,179.7273,88.4399,42.0,322.0,,,,,2020.8182,2015,2024,-124.167,47.1149,3.1818,11,179.7273,88.4399,,3.1818,,0.7272727272727273,0.2727272727272727,6,1.8995351273403762,6.762906787025827,72,Medium
Grays Harbor,Copalis Crossing,2,187.5,146.3711,84.0,291.0,,,,,2018.0,2016,2020,-124.0746,47.1106,6.0,2,187.5,146.3711,,6.0,,1.0,0.0,2,1.8116085697523148,6.67116220759172,72,Low
Grays Harbor,Cosmopolis,26,150.5385,98.1909,21.0,291.0,39995.0,,39995.0,39995.0,2021.9231,2016,2025,-123.769,46.9541,2.0769,26,150.5385,98.1909,39995.0,2.0769,12.19,0.6538461538461539,0.34615384615384615,8,1.5779467735003072,6.382025625927872,72,Medium
Grays Harbor,Elma,80,157.475,91.8925,14.0,322.0,50453.0,14034.0281,31950.0,69900.0,2020.675,2013,2026,-123.4038,47.0038,3.325,80,157.475,91.8925,50453.0,3.325,33.56,0.7125,0.2875,14,1.22940093134828,6.013577790300881,72,High
Grays Harbor,Grayland,13,132.3077,96.9737,21.0,238.0,39995.0,,39995.0,39995.0,2021.6923,2012,2026,-124.0937,46.8093,2.3077,13,132.3077,96.9737,39995.0,2.3077,6.93,0.5384615384615384,0.46153846153846156,8,1.9334642924036654,6.721597543739133,72,Medium
Grays Harbor,Hoquiam,73,158.3425,90.8029,12.0,293.0,42447.5,7119.4341,36900.0,52900.0,2020.9315,2012,2026,-123.8869,46.9798,3.0685,73,158.3425,90.8029,42447.5,3.0685,30.86,0.6986301369863014,0.3013698630136986,16,1.6762398396410954,6.4964813406951265,72,High
Grays Harbor,Mccleary,62,176.3387,80.2804,6.0,259.0,54947.5,21146.0283,39995.0,69900.0,2021.4516,2012,2025,-123.2641,47.0495,2.5484,62,176.3387,80.2804,54947.5,2.5484,26.42,0.7903225806451613,0.20967741935483872,12,1.0856053104144265,5.86980903437241,72,High
Grays Harbor,Moclips,7,124.0,79.5613,25.0,215.0,69900.0,,69900.0,69900.0,2020.7143,2015,2026,-124.2135,47.2393,3.2857,7,124.0,79.5613,69900.0,3.2857,4.16,0.5714285714285714,0.42857142857142855,5,1.9168415610060208,6.80045119826618,72,Low
Grays Harbor,Montesano,110,157.7364,89.2537,6.0,322.0,67425.0,3500.1786,64950.0,69900.0,2021.1909,2013,2025,-123.6008,46.9838,2.8091,110,157.7364,89.2537,67425.0,2.8091,45.51,0.6909090909090909,0.3090909090909091,17,1.4131459408001792,6.211584342178737,72,Very High
Grays Harbor,Oakville,34,132.4412,104.3523,6.0,330.0,58977.0,17457.4227,39995.0,75095.0,2020.0,2012,2024,-123.2329,46.8408,4.0,34,132.4412,104.3523,58977.0,4.0,15.01,0.5294117647058824,0.47058823529411764,13,1.1820650574312763,5.8642315447124,72,Medium
Grays Harbor,Ocean Shores,199,151.7236,89.6786,6.0,291.0,64205.0,49862.6203,36900.0,184400.0,2021.4523,2011,2025,-124.1641,47.0116,2.5477,199,151.7236,89.6786,64205.0,2.5477,81.14,0.678391959798995,0.32160804020100503,24,1.926077142795695,6.769110683834327,72,Very High
Grays Harbor,Pacific Beach,34,165.8824,78.8988,16.0,291.0,60412.5,18975.0,31950.0,69900.0,2021.0,2015,2025,-124.2018,47.2089,3.0,34,165.8824,78.8988,60412.5,3.0,15.12,0.8235294117647058,0.17647058823529413,14,1.9114458872801066,6.790719818251969,72,Medium
Grays Harbor,Quinault,5,150.4,110.0445,28.0,259.0,,,,,2020.2,2012,2024,-123.8462,47.4681,3.8,5,150.4,110.0445,,3.8,,0.6,0.4,4,1.5203849578314033,6.423031568504075,72,Low
Grays Harbor,Taholah,9,91.6667,85.1543,21.0,215.0,37313.3333,4644.7829,31950.0,39995.0,2019.4444,2016,2023,-124.2863,47.3426,4.5556,9,91.6667,85.1543,37313.3333,4.5556,5.03,0.4444444444444444,0.5555555555555556,7,1.971898222525697,6.867583165131671,72,Low
Grays Harbor,Westport,38,136.6579,94.6257,6.0,266.0,64233.3333,9814.9546,52900.0,69900.0,2019.5,2011,2025,-124.1042,46.8911,4.5,38,136.6579,94.6257,64233.3333,4.5,16.52,0.631578947368421,0.3684210526315789,16,1.910943855794835,6.722181084291024,72,Medium
Greene,Beavercreek,2,215.0,0.0,215.0,215.0,,,,,2022.5,2022,2023,-84.0618,39.717,1.5,2,215.0,0.0,,1.5,,1.0,0.0,1,39.07499633691601,34.29638507014988,73,Low
Guam,Dededo,1,26.0,,26.0,26.0,,,,,2024.0,2024,2024,144.8446,13.5656,0.0,1,26.0,0.0,,0.0,,0.0,1.0,1,269.33650230009664,264.47724648937196,74,Low
Gwinnett,Suwanee,1,215.0,,215.0,215.0,,,,,2024.0,2024,2024,-84.0648,34.0574,0.0,1,215.0,0.0,,0.0,,1.0,0.0,1,40.59502716749922,36.02731945898834,75,Low
Hall,Buford,1,215.0,,215.0,215.0,,,,,2024.0,2024,2024,-83.9791,34.0772,0.0,1,215.0,0.0,,0.0,,1.0,0.0,1,40.669232227815655,36.09923791674833,76,Low
Hamilton,Cincinnati,2,215.0,0.0,215.0,215.0,,,,,2022.5,2022,2023,-84.3618,39.1871,1.5,2,215.0,0.0,,1.5,,1.0,0.0,2,38.8924790531537,34.13225780006356,77,Low
Hamilton,Westfield,1,239.0,,239.0,239.0,,,,,2020.0,2020,2020,-86.1352,40.0425,4.0,1,239.0,0.0,,4.0,,1.0,0.0,1,36.97871181233873,32.20438153931853,77,Low
Hardin,Rineyville,1,215.0,,215.0,215.0,,,,,2022.0,2022,2022,-85.971,37.7504,2.0,1,215.0,0.0,,2.0,,1.0,0.0,1,37.6731520694778,32.978681228332945,78,Low
Harford,Aberdeen Proving Ground,1,215.0,,215.0,215.0,,,,,2021.0,2021,2021,-76.133,39.4833,3.0,1,215.0,0.0,,3.0,,1.0,0.0,1,46.9077642317346,42.09454417439392,79,Low
Harford,Gunpowder,1,215.0,,215.0,215.0,,,,,2024.0,2024,2024,-76.2977,39.4014,0.0,1,215.0,0.0,,0.0,,1.0,0.0,1,46.75986234368103,41.949037124229676,79,Low
Harnett,Bunnlevel,1,215.0,,215.0,215.0,,,,,2021.0,2021,2021,-78.7815,35.3091,3.0,1,215.0,0.0,,3.0,,1.0,0.0,1,45.253435546596904,40.56984681188728,80,Low
Harnett,Sanford,1,215.0,,215.0,215.0,,,,,2023.0,2023,2023,-79.1469,35.4533,1.0,1,215.0,0.0,,1.0,,1.0,0.0,1,44.86261781762183,40.177900978771895,80,Low
Harnett,Spring Lake,1,215.0,,215.0,215.0,,,,,2018.0,2018,2018,-78.9758,35.1726,6.0,1,215.0,0.0,,6.0,,1.0,0.0,1,45.103915114433235,40.42676181046411,80,Low
Harris,Baytown,1,21.0,,21.0,21.0,,,,,2017.0,2017,2017,-94.9797,29.7961,7.0,1,21.0,0.0,,7.0,,0.0,1.0,1,32.63975256906829,28.686450372606235,81,Low
Harris,Houston,1,289.0,,289.0,289.0,,,,,2020.0,2020,2020,-95.3695,29.7608,4.0,1,289.0,0.0,,4.0,,1.0,0.0,1,32.333266149895834,28.404710810884872,81,Low
Hartford,Newington,1,220.0,,220.0,220.0,,,,,2019.0,2019,2019,-72.7191,41.6956,5.0,1,220.0,0.0,,5.0,,1.0,0.0,1,49.96383653563846,45.10284538529693,82,Low
Hennepin,Minneapolis,1,220.0,,220.0,220.0,,,,,2019.0,2019,2019,-93.2827,44.9429,5.0,1,220.0,0.0,,5.0,,1.0,0.0,1,29.17123252881166,24.295576710586637,83,Low
Henrico,Henrico,1,42.0,,42.0,42.0,,,,,2023.0,2023,2023,-77.3778,37.5183,1.0,1,42.0,0.0,,1.0,,0.0,1.0,1,46.07227816051645,41.31208132604796,84,Low
Hillsborough,Tampa,4,128.75,99.6607,38.0,215.0,,,,,2019.25,2014,2023,-82.4133,27.9832,4.75,4,128.75,99.6607,,4.75,,0.5,0.5,3,44.481150192412954,40.16240028496802,85,Low
Hoke,Raeford,1,215.0,,215.0,215.0,,,,,2023.0,2023,2023,-79.224,34.9786,1.0,1,215.0,0.0,,1.0,,1.0,0.0,1,44.919534362791424,40.251463029807994,86,Low
Honolulu,Ewa Beach,1,25.0,,25.0,25.0,,,,,2021.0,2021,2021,-158.0083,21.3143,3.0,1,25.0,0.0,,3.0,,0.0,1.0,1,44.31766298046412,48.38342436764888,87,Low
Honolulu,Honolulu,2,118.0,137.1787,21.0,215.0,,,,,2021.5,2021,2022,-157.94,21.3418,2.5,2,118.0,137.1787,,2.5,,0.5,0.5,2,44.246369904998986,48.31116522088864,87,Low
Houston,Warner Robins,1,215.0,,215.0,215.0,,,,,2022.0,2022,2022,-83.5936,32.6186,2.0,1,215.0,0.0,,2.0,,1.0,0.0,1,41.53672514787366,37.02484173902706,88,Low
Howard,Dayton,1,53.0,,53.0,53.0,,,,,2017.0,2017,2017,-76.9918,39.2416,7.0,1,53.0,0.0,,7.0,,0.0,1.0,1,46.105415487228825,41.301014339601885,89,Low
Howard,Ellicott City,1,18.0,,18.0,18.0,64950.0,,64950.0,64950.0,2022.0,2022,2022,-76.831,39.2772,2.0,1,18.0,0.0,64950.0,2.0,1.54,0.0,1.0,1,46.25713287926522,41.45123934890246,89,Low
Howard,Laurel,1,215.0,,215.0,215.0,,,,,2018.0,2018,2018,-76.8389,39.1142,6.0,1,215.0,0.0,,6.0,,1.0,0.0,1,46.27899426564929,41.47677513464614,89,Low
Howard,Woodbine,1,215.0,,215.0,215.0,,,,,2022.0,2022,2022,-77.0641,39.3581,2.0,1,215.0,0.0,,2.0,,1.0,0.0,1,46.01329131468428,41.20660859740826,89,Low
Hudson,Harrison,1,215.0,,215.0,215.0,,,,,2022.0,2022,2022,-74.1584,40.7462,2.0,1,215.0,0.0,,2.0,,1.0,0.0,1,48.65968528145245,43.81631258469841,90,Low
Island,Camano Island,670,177.7313,80.8455,6.0,330.0,63957.8689,13232.5006,31950.0,109000.0,2021.3194,2011,2026,-122.4005,48.2399,2.6806,670,177.7313,80.8455,63957.8689,2.6806,269.56,0.7985074626865671,0.20149253731343283,30,0.637380773164673,5.008325814081979,91,Very High
Island,Clinton,332,168.741,81.9749,6.0,330.0,60865.8333,14392.7489,31950.0,81100.0,2021.0512,2012,2026,-122.358,47.9796,2.9488,332,168.741,81.9749,60865.8333,2.9488,134.34,0.786144578313253,0.21385542168674698,29,0.3742971680363049,4.942422143038778,91,Very High
Island,Coupeville,316,164.3987,84.1057,6.0,337.0,55777.2917,14839.2398,31950.0,69900.0,2021.1487,2011,2026,-122.6848,48.2177,2.8513,316,164.3987,84.1057,55777.2917,2.8513,127.97,0.7436708860759493,0.2563291139240506,27,0.7059245993730481,5.288416270491567,91,Very High
Island,Freeland,261,158.8314,84.1329,8.0,330.0,59856.0,20187.0654,31950.0,110950.0,2020.9693,2010,2025,-122.5266,48.0096,3.0307,261,158.8314,84.1329,59856.0,3.0307,105.92,0.7318007662835249,0.2681992337164751,23,0.44784127768663773,5.112649117629724,91,Very High
Island,Greenbank,110,172.4273,85.3136,6.0,330.0,62186.6667,13767.7479,31950.0,81100.0,2021.1727,2012,2025,-122.5682,48.0883,2.8273,110,172.4273,85.3136,62186.6667,2.8273,45.55,0.7727272727272727,0.22727272727272727,20,0.5368087368886606,5.160105724692085,91,Very High
Island,Langley,347,165.804,85.471,6.0,322.0,63218.3333,27308.8165,31950.0,184400.0,2020.928,2011,2025,-122.4065,48.0398,3.072,347,165.804,85.471,63218.3333,3.072,140.31,0.7377521613832853,0.2622478386167147,26,0.43993672272270956,4.995051676409356,91,Very High
Island,Oak Harbor,715,156.1874,88.6929,6.0,330.0,55323.6,14785.7605,31950.0,81100.0,2021.2909,2011,2026,-122.6469,48.2908,2.7091,715,156.1874,88.6929,55323.6,2.7091,287.58,0.6993006993006993,0.3006993006993007,31,0.7535092567447317,5.259013292434237,91,Very High
Jackson,Ocean Springs,1,215.0,,215.0,215.0,,,,,2021.0,2021,2021,-88.8076,30.4163,3.0,1,215.0,0.0,,3.0,,1.0,0.0,1,37.67472312121219,33.411324798786424,92,Low
James City,Toano,1,215.0,,215.0,215.0,,,,,2024.0,2024,2024,-76.8054,37.381,0.0,1,215.0,0.0,,0.0,,1.0,0.0,1,46.6608521989258,41.90067203756999,93,Low
Jefferson,Brinnon,35,183.7143,77.3417,6.0,308.0,54947.5,21146.0283,39995.0,69900.0,2021.4,2012,2024,-122.8965,47.6984,2.6,35,183.7143,77.3417,54947.5,2.6,15.63,0.8,0.2,10,0.571881281386274,5.470643326885789,94,Medium
Jefferson,Chimacum,36,158.1667,79.6347,6.0,258.0,,,,,2020.6667,2011,2025,-122.7733,48.0118,3.3333,36,158.1667,79.6347,,3.3333,,0.8333333333333334,0.16666666666666666,10,0.5993069330485071,5.358938914561356,94,Medium
Jefferson,Evans Mills,1,215.0,,215.0,215.0,,,,,2018.0,2018,2018,-75.8098,44.091,6.0,1,215.0,0.0,,6.0,,1.0,0.0,1,46.65491429988914,41.768855613722536,94,Low
Jefferson,Gardiner,1,258.0,,258.0,258.0,,,,,2020.0,2020,2020,-123.1037,48.0796,4.0,1,258.0,0.0,,4.0,,1.0,0.0,1,0.9052480985895569,5.693272339349314,94,Low
Jefferson,Nordland,62,175.5323,78.5057,25.0,322.0,63114.5,14430.2207,31950.0,69900.0,2019.8065,2011,2025,-122.6911,48.051,4.1935,62,175.5323,78.5057,63114.5,4.1935,26.21,0.8548387096774194,0.14516129032258066,12,0.5716012946101566,5.279687381843743,94,High
Jefferson,Port Hadlock,71,165.4366,85.8087,19.0,291.0,54947.5,21146.0283,39995.0,69900.0,2020.9718,2013,2026,-122.7588,48.0359,3.0282,71,165.4366,85.8087,54947.5,3.0282,29.96,0.7323943661971831,0.2676056338028169,15,0.6055699629274841,5.3461163707872945,94,High
Jefferson,Port Ludlow,228,163.5746,84.289,6.0,330.0,59499.5833,9955.7659,39995.0,69900.0,2021.807,2013,2026,-122.6848,47.9299,2.193,228,163.5746,84.289,59499.5833,2.193,92.81,0.7324561403508771,0.2675438596491228,27,0.4787264145626399,5.265783194359594,94,Very High
Jefferson,Port Townsend,812,152.8325,87.4001,6.0,330.0,57852.0192,12505.1707,31950.0,69900.0,2020.3399,2011,2026,-122.7726,48.1211,3.6601,812,152.8325,87.4001,57852.0192,3.6601,326.26,0.7192118226600985,0.28078817733990147,26,0.6776151267496892,5.366549436090191,94,Very High
Jefferson,Quilcene,62,177.2258,85.2559,6.0,337.0,61249.1667,14548.7973,34995.0,69900.0,2020.6452,2012,2025,-122.8775,47.8264,3.3548,62,177.2258,85.2559,61249.1667,3.3548,26.32,0.7903225806451613,0.20967741935483872,15,0.588174463913557,5.454075724630155,94,High
Jefferson,Sequim,11,115.2727,83.0206,19.0,215.0,36972.5,4274.4605,33950.0,39995.0,2018.0909,2012,2024,-123.1037,48.0797,5.9091,11,115.2727,83.0206,36972.5,5.9091,5.75,0.6363636363636364,0.36363636363636365,7,0.9053003976581537,5.693279731402631,94,Medium
Jefferson,Watertown,1,215.0,,215.0,215.0,,,,,2021.0,2021,2021,-75.814,44.0446,3.0,1,215.0,0.0,,3.0,,1.0,0.0,1,46.6542454892371,41.768660328528625,94,Low
Johnson,Warrensburg,1,215.0,,215.0,215.0,,,,,2023.0,2023,2023,-93.7412,38.7712,1.0,1,215.0,0.0,,1.0,,1.0,0.0,1,29.924852343996612,25.297414587265628,95,Low
Kane,Geneva,1,215.0,,215.0,215.0,,,,,2023.0,2023,2023,-88.3051,41.8874,1.0,1,215.0,0.0,,1.0,,1.0,0.0,1,34.50422296531252,29.687301574410572,96,Low
Kauai,Kekaha,1,22.0,,22.0,22.0,,,,,2022.0,2022,2022,-159.7129,21.966,2.0,1,22.0,0.0,,2.0,,0.0,1.0,1,45.32928484633305,49.480318142166375,97,Low
Kent,Dover,1,42.0,,42.0,42.0,,,,,2025.0,2025,2025,-75.5247,39.158,-1.0,1,42.0,0.0,,-1.0,,0.0,1.0,1,47.56369180372777,42.754912493536935,98,Low
Kent,Greene,1,215.0,,215.0,215.0,,,,,2024.0,2024,2024,-71.7461,41.6966,0.0,1,215.0,0.0,,0.0,,1.0,0.0,1,50.930018340464,46.06735387288921,98,Low
Kern,California City,1,215.0,,215.0,215.0,,,,,2021.0,2021,2021,-117.9856,35.1289,3.0,1,215.0,0.0,,3.0,,1.0,0.0,1,13.212686234827492,12.542389970416322,99,Low
Kern,Edwards,1,100.0,,100.0,100.0,,,,,2017.0,2017,2017,-117.9391,34.9278,7.0,1,100.0,0.0,,7.0,,1.0,0.0,1,13.417908762545677,12.74133558972528,99,Low
King,Algona,48,166.9583,81.919,6.0,259.0,39995.0,,39995.0,39995.0,2020.4375,2011,2025,-122.2304,47.3074,3.5625,48,166.9583,81.919,39995.0,3.5625,20.84,0.8125,0.1875,13,0.3156332206850203,4.817233782992061,100,Medium
King,Auburn,2565,178.7591,77.7084,1.0,337.0,60595.2793,16329.9925,31950.0,184400.0,2021.6339,2011,2026,-122.207,47.3128,2.3661,2565,178.7591,77.7084,60595.2793,2.3661,1027.61,0.8105263157894737,0.18947368421052632,35,0.3189570033719276,4.793503624698736,100,Very High
King,Baring,8,223.625,27.3336,208.0,291.0,69900.0,,69900.0,69900.0,2020.75,2014,2025,-121.4849,47.7719,3.25,8,223.625,27.3336,69900.0,3.25,4.66,1.0,0.0,2,0.8632521821576832,4.060475442605207,100,Low
King,Beaux Arts,58,168.9828,79.7002,13.0,259.0,61832.7778,12550.0665,39995.0,81100.0,2021.1034,2013,2026,-122.1872,47.61,2.8966,58,168.9828,79.7002,61832.7778,2.8966,24.73,0.7758620689655172,0.22413793103448276,16,0.14494981890294956,4.761450081645299,100,High
King,Bellevue,12202,188.7518,68.8027,1.0,337.0,64703.2123,18635.5182,31950.0,184400.0,2021.9717,2008,2026,-122.1415,47.6009,2.0283,12202,188.7518,68.8027,64703.2123,2.0283,4882.42,0.862727421734142,0.13727257826585806,37,0.19067367411365757,4.715855453679631,100,Very High
King,Black Diamond,503,192.9503,65.7723,6.0,337.0,61973.7097,16011.9577,31950.0,102000.0,2022.169,2012,2026,-122.0057,47.3101,1.831,503,192.9503,65.7723,61973.7097,1.831,202.86,0.878727634194831,0.12127236580516898,28,0.4406950986793439,4.592955887007845,100,Very High
King,Bothell,1737,181.5377,72.93,6.0,330.0,57584.7196,18826.6584,31950.0,184400.0,2021.7795,2011,2026,-122.2044,47.7609,2.2205,1737,181.5377,72.93,57584.7196,2.2205,696.43,0.8393782383419689,0.16062176165803108,33,0.20059755731313617,4.779490660101769,100,Very High
King,Burien,1341,178.0455,76.1009,6.0,330.0,57948.3333,14585.1655,31950.0,98950.0,2021.3833,2008,2026,-122.3426,47.4813,2.6167,1341,178.0455,76.1009,57948.3333,2.6167,537.99,0.8217747949291574,0.17822520507084266,34,0.1253405760318705,4.919803025528565,100,Very High
King,Carnation,482,180.9461,76.2364,6.0,337.0,59699.2105,14907.7407,31950.0,81100.0,2021.6224,2011,2026,-121.9154,47.6497,2.3776,482,180.9461,76.2364,59699.2105,2.3776,194.41,0.8278008298755186,0.17219917012448133,30,0.4189643660265073,4.489409222826543,100,Very High
King,Clyde Hill,406,200.8103,59.6412,13.0,330.0,69245.9615,18441.2949,36900.0,184400.0,2021.7709,2012,2026,-122.1872,47.61,2.2291,406,200.8103,59.6412,69245.9615,2.2291,163.99,0.8940886699507389,0.10591133004926108,25,0.14494981890294956,4.761450081645299,100,Very High
King,Covington,869,186.0104,72.153,6.0,337.0,60643.2955,14838.3376,31950.0,81100.0,2021.7929,2011,2026,-122.0912,47.3378,2.2071,869,186.0104,72.153,60643.2955,2.2071,349.23,0.8492520138089759,0.15074798619102417,31,0.3606540863486758,4.6762305375163,100,Very High
King,Des Moines,778,169.2416,82.7302,6.0,330.0,60377.7586,21133.4444,31950.0,184400.0,2021.572,2011,2026,-122.322,47.4064,2.428,778,169.2416,82.7302,60377.7586,2.428,312.79,0.7660668380462725,0.23393316195372751,30,0.20005511740518211,4.902501581845742,100,Very High
King,Duvall,852,184.0716,72.24,6.0,330.0,61798.2292,12382.0937,31950.0,81100.0,2021.7347,2012,2026,-121.986,47.7401,2.2653,852,184.0716,72.24,61798.2292,2.2653,342.41,0.8450704225352113,0.15492957746478872,32,0.37109893559533985,4.560724689125624,100,Very High
King,Enumclaw,463,171.3909,85.3729,6.0,330.0,60845.0,13641.9505,31950.0,81100.0,2021.1339,2012,2026,-121.9914,47.2043,2.8661,463,171.3909,85.3729,60845.0,2.8661,186.76,0.755939524838013,0.24406047516198703,31,0.5268776897914704,4.587967677523455,100,Very High
King,Fall City,308,181.4448,80.0425,12.0,330.0,59026.6667,13115.2841,32250.0,69900.0,2021.513,2011,2026,-121.8909,47.5681,2.487,308,181.4448,80.0425,59026.6667,2.487,124.81,0.8116883116883117,0.18831168831168832,23,0.4428420147185625,4.465821145097506,100,Very High
King,Federal Way,2258,180.0527,76.1635,6.0,330.0,61794.1216,20103.8237,32250.0,184400.0,2021.8047,2010,2026,-122.3453,47.3057,2.1953,2258,180.0527,76.1635,61794.1216,2.1953,904.82,0.8179805137289636,0.1820194862710363,33,0.30078977708692106,4.931956214323068,100,Very High
King,Gold Bar,3,152.0,113.4769,21.0,220.0,,,,,2022.6667,2019,2025,-121.6974,47.8556,1.3333,3,152.0,113.4769,,1.3333,,0.6666666666666666,0.3333333333333333,2,0.6819416763917531,4.275931266987344,100,Low
King,Hunts Point,70,204.7143,61.1172,12.0,330.0,125575.0,193996.634,59900.0,845000.0,2021.6857,2012,2026,-122.1872,47.61,2.3143,70,204.7143,61.1172,125575.0,2.3143,29.46,0.9142857142857143,0.08571428571428572,15,0.14494981890294956,4.761450081645299,100,High
King,Issaquah,3753,190.7511,68.3875,6.0,337.0,63738.2197,20064.6255,31950.0,184400.0,2022.0229,2008,2026,-122.0203,47.5382,1.9771,3753,190.7511,68.3875,63738.2197,1.9771,1502.83,0.866240341060485,0.13375965893951505,35,0.319128876788037,4.59588259749964,100,Very High
King,Kenmore,1436,180.2187,75.4424,6.0,330.0,63179.6386,23141.214,31950.0,184400.0,2021.7235,2011,2026,-122.2437,47.7589,2.2765,1436,180.2187,75.4424,63179.6386,2.2765,576.0,0.8272980501392758,0.17270194986072424,34,0.1764422001676398,4.818739804139669,100,Very High
King,Kent,4278,183.9016,72.9702,1.0,337.0,60893.7879,23555.3325,31950.0,184400.0,2021.936,2011,2026,-122.1743,47.3803,2.064,4278,183.9016,72.9702,60893.7879,2.064,1712.84,0.8401122019635343,0.15988779803646563,35,0.27555698140312035,4.756460358291657,100,Very High
King,Kirkland,7163,185.0123,72.961,6.0,337.0,64439.0444,18230.1423,31950.0,184400.0,2021.7798,2008,2026,-122.2163,47.6979,2.2202,7163,185.0123,72.961,64439.0444,2.2202,2866.8,0.8429429010191261,0.15705709898087394,36,0.1477109677715153,4.790459570855392,100,Very High
King,Lake Forest Park,906,170.074,78.9133,6.0,330.0,59161.7164,12665.3118,31950.0,81100.0,2021.3631,2011,2026,-122.3175,47.7578,2.6369,906,170.074,78.9133,59161.7164,2.6369,363.97,0.7958057395143487,0.2041942604856512,32,0.15230141168091857,4.892501737352776,100,Very High
King,Maple Valley,2187,187.4609,69.1424,6.0,337.0,60880.7087,17425.3916,31950.0,184400.0,2022.0046,2011,2026,-122.0444,47.3939,1.9954,2187,187.4609,69.1424,60880.7087,1.9954,876.44,0.8577960676726109,0.14220393232738912,35,0.3575508075784477,4.625990766311574,100,Very High
King,Medina,417,194.0743,67.3163,10.0,330.0,71389.3662,20690.8688,36900.0,184400.0,2021.7314,2013,2026,-122.2389,47.6161,2.2686,417,194.0743,67.3163,71389.3662,2.2686,168.38,0.8705035971223022,0.12949640287769784,24,0.09372432981888577,4.8130894132563125,100,Very High
King,Mercer Island,2988,181.4515,76.5296,6.0,337.0,68229.6518,24706.1382,31950.0,184400.0,2021.6128,2011,2026,-122.2124,47.5782,2.3872,2988,181.4515,76.5296,68229.6518,2.3872,1196.77,0.820281124497992,0.17971887550200802,38,0.12293124094386516,4.787078578841171,100,Very High
King,Milton,33,168.303,83.8688,21.0,291.0,54947.5,21146.0283,39995.0,69900.0,2021.697,2013,2026,-122.3217,47.249,2.303,33,168.303,83.8688,54947.5,2.303,14.84,0.7272727272727273,0.2727272727272727,10,0.35735136770411136,4.912821442918524,100,Medium
King,Newcastle,1237,193.0162,64.8508,6.0,330.0,67797.0513,21626.4651,31950.0,184400.0,2022.1124,2011,2026,-122.1677,47.4941,1.8876,1237,193.0162,64.8508,67797.0513,1.8876,496.42,0.8771220695230396,0.12287793047696038,33,0.19898183334163888,4.744559513801039,100,Very High
King,Normandy Park,341,172.6657,83.0289,6.0,322.0,59908.1034,11961.9824,39995.0,81100.0,2021.2962,2011,2026,-122.3401,47.4632,2.7038,341,172.6657,83.0289,59908.1034,2.7038,137.97,0.7800586510263929,0.21994134897360704,27,0.14322360140703191,4.917991273884089,100,Very High
King,North Bend,993,186.9476,72.6745,6.0,330.0,62954.5455,22317.0293,31950.0,184400.0,2021.9144,2010,2026,-121.7833,47.4936,2.0856,993,186.9476,72.6745,62954.5455,2.0856,398.83,0.8398791540785498,0.16012084592145015,33,0.5602322732581551,4.360430521175628,100,Very High
King,Pacific,119,165.5042,85.5067,6.0,322.0,51193.8462,15606.4467,31950.0,69900.0,2021.2605,2012,2026,-122.2466,47.2654,2.7395,119,165.5042,85.5067,51193.8462,2.7395,49.22,0.7478991596638656,0.25210084033613445,23,0.35136148052966815,4.8366256749928445,100,Very High
King,Preston,39,170.5897,81.7077,14.0,291.0,62110.0,8646.9937,52900.0,69900.0,2020.7692,2015,2025,-122.0049,47.5361,3.2308,39,170.5897,81.7077,62110.0,3.2308,17.1,0.7948717948717948,0.20512820512820512,9,0.3346249392977074,4.580543690436763,100,Medium
King,Ravensdale,130,180.6615,83.5601,13.0,322.0,65510.0,7367.8694,52900.0,69900.0,2021.4769,2014,2026,-121.9862,47.3555,2.5231,130,180.6615,83.5601,65510.0,2.5231,53.58,0.7846153846153846,0.2153846153846154,24,0.4271970271432155,4.570275148172148,100,Very High
King,Redmond,8653,189.6672,67.2103,6.0,330.0,62741.2952,16528.7781,31950.0,184400.0,2022.0003,2008,2026,-122.1067,47.6817,1.9997,8653,189.6672,67.2103,62741.2952,1.9997,3462.83,0.8712585230555877,0.12874147694441235,38,0.2377086662282146,4.680756017995385,100,Very High
King,Renton,6893,168.7618,83.0169,1.0,330.0,49153.4395,15742.4506,31950.0,184400.0,2022.055,2011,2026,-122.1562,47.471,1.945,6893,168.7618,83.0169,49153.4395,1.945,2758.92,0.7567097054983316,0.24329029450166836,37,0.2218554709715331,4.7339265816022085,100,Very High
King,Sammamish,7021,191.8534,66.7848,6.0,337.0,64422.176,14915.694,31950.0,184400.0,2022.0734,2002,2026,-122.0244,47.6008,1.9266,7021,191.8534,66.7848,64422.176,1.9266,2810.04,0.8725252812989602,0.12747471870103974,36,0.30774738016756237,4.598765764854738,100,Very High
King,Seatac,1728,140.7662,93.6704,6.0,322.0,49302.4,18490.273,31950.0,184400.0,2022.7922,2011,2026,-122.3126,47.4483,1.2078,1728,140.7662,93.6704,49302.4,1.2078,692.95,0.6209490740740741,0.37905092592592593,29,0.1590995285976646,4.8911317514456725,100,Very High
King,Seattle,39768,172.6144,79.6738,1.0,337.0,59311.1934,17038.934,31950.0,184400.0,2021.4936,2000,2026,-122.338,47.6309,2.5064,39768,172.6144,79.6738,59311.1934,2.5064,15908.79,0.797198752766043,0.20280124723395695,41,0.025394881374004336,4.91207923490653,100,Very High
King,Shoreline,2720,173.3529,77.8596,6.0,337.0,58359.6579,18814.9203,31950.0,184400.0,2021.3515,2000,2026,-122.3445,47.7319,2.6485,2720,173.3529,77.8596,58359.6579,2.6485,1089.58,0.8143382352941176,0.18566176470588236,38,0.12631013419358111,4.919043185417256,100,Very High
King,Skykomish,8,187.0,84.5171,18.0,291.0,52900.0,,52900.0,52900.0,2021.375,2017,2025,-121.3591,47.7119,2.625,8,187.0,84.5171,52900.0,2.625,4.86,0.875,0.125,7,0.9787244198445229,3.9334584299316,100,Low
King,Snoqualmie,1228,187.9031,71.0905,12.0,337.0,62366.7333,18393.4021,36900.0,184400.0,2022.3029,2013,2026,-121.8271,47.5289,1.6971,1228,187.9031,71.0905,62366.7333,1.6971,492.87,0.8420195439739414,0.15798045602605862,32,0.5108818748008149,4.403016604556471,100,Very High
King,Snoqualmie Pass,6,154.8333,93.2103,34.0,215.0,52900.0,,52900.0,52900.0,2023.3333,2022,2025,-121.6594,47.4686,0.6667,6,154.8333,93.2103,52900.0,0.6667,4.21,0.6666666666666666,0.3333333333333333,5,0.6866287570441459,4.237670539341163,100,Low
King,Tukwila,1393,141.6123,93.9295,6.0,337.0,46422.9167,16554.1883,39995.0,184400.0,2022.6597,2011,2026,-122.3037,47.4618,1.3403,1393,141.6123,93.9295,46422.9167,1.3403,558.97,0.6202440775305097,0.3797559224694903,31,0.1471663004902983,4.881676585969214,100,Very High
King,Vashon,831,152.1564,83.3745,6.0,330.0,57378.8983,14265.3214,31950.0,81100.0,2020.2347,2011,2025,-122.4573,47.4493,3.7653,831,152.1564,83.3745,57378.8983,3.7653,333.84,0.7641395908543923,0.2358604091456077,28,0.2007302916851409,5.0356598316407375,100,Very High
King,Woodinville,2827,181.7743,75.0356,6.0,330.0,61796.4493,14426.9315,31950.0,184400.0,2021.5398,2011,2026,-122.154,47.7542,2.4602,2827,181.7743,75.0356,61796.4493,2.4602,1132.39,0.8295012380615493,0.17049876193845065,35,0.23156772227579359,4.728962376674184,100,Very High
King,Yarrow Point,164,188.75,74.3685,12.0,330.0,71776.9231,24380.4029,36900.0,184400.0,2021.7317,2013,2026,-122.1872,47.61,2.2683,164,188.75,74.3685,71776.9231,2.2683,67.18,0.823170731707317,0.17682926829268292,22,0.14494981890294956,4.761450081645299,100,Very High
Kings,Brooklyn,2,123.5,129.4005,32.0,215.0,39995.0,,39995.0,39995.0,2020.5,2018,2023,-74.0109,40.661,3.5,2,123.5,129.4005,39995.0,3.5,2.46,0.5,0.5,2,48.81776492712462,43.97544897837883,101,Low
Kings,Hanford,3,215.0,0.0,215.0,215.0,,,,,2023.3333,2023,2024,-119.6459,36.3274,0.6667,3,215.0,0.0,,0.6667,,1.0,0.0,1,11.594265818929635,11.546799641892122,101,Low
Kitsap,Bainbridge Island,2260,160.5358,85.0178,6.0,337.0,59655.8964,17310.981,31950.0,184400.0,2021.0881,2010,2026,-122.521,47.6273,2.9119,2260,160.5358,85.0178,59655.8964,2.9119,905.54,0.7491150442477876,0.25088495575221237,35,0.1900747747598332,5.095097373946841,102,Very High
Kitsap,Belfair,1,25.0,,25.0,25.0,,,,,2018.0,2018,2018,-122.828,47.45,6.0,1,25.0,0.0,,6.0,,0.0,1.0,1,0.5199185032291171,5.406033799376398,102,Low
Kitsap,Bremerton,1993,167.6267,82.1722,6.0,330.0,57977.621,18396.8535,31950.0,184400.0,2021.5198,2011,2026,-122.6316,47.5873,2.4802,1993,167.6267,82.1722,57977.621,2.4802,798.8,0.77019568489714,0.22980431510286,34,0.3000957513861292,5.206091010537564,102,Very High
Kitsap,Gig Harbor,2,226.5,16.2635,215.0,238.0,,,,,2020.5,2017,2024,-122.6658,47.3834,3.5,2,226.5,16.2635,,3.5,,1.0,0.0,2,0.40124248279563407,5.247032418424726,102,Low
Kitsap,Hansville,101,177.1188,80.4583,14.0,330.0,83899.2857,47285.9722,39995.0,184400.0,2021.6436,2012,2025,-122.5476,47.918,2.3564,101,177.1188,80.4583,83899.2857,2.3564,41.92,0.801980198019802,0.19801980198019803,23,0.37902439235490015,5.128154755855171,102,Very High
Kitsap,Indianola,70,149.2571,86.0478,6.0,291.0,62929.0,12998.4357,39995.0,69900.0,2020.7143,2012,2026,-122.5276,47.7479,3.2857,70,149.2571,86.0478,62929.0,3.2857,29.46,0.7142857142857143,0.2857142857142857,16,0.241452148468395,5.102378011280627,102,High
Kitsap,Keyport,15,198.8667,49.6831,53.0,238.0,,,,,2022.2,2017,2025,-122.6232,47.7025,1.8,15,198.8667,49.6831,,1.8,,0.9333333333333333,0.06666666666666667,8,0.3066152311937552,5.197383719718985,102,Medium
Kitsap,Kingston,368,166.9891,84.1918,6.0,308.0,56431.0714,15782.0187,31950.0,98950.0,2021.2772,2008,2026,-122.5001,47.797,2.7228,368,166.9891,84.1918,56431.0714,2.7228,148.78,0.7581521739130435,0.2418478260869565,27,0.25422163558595984,5.07598168337909,102,Very High
Kitsap,Olalla,144,186.4444,68.9145,6.0,337.0,65572.2222,7364.9131,52900.0,69900.0,2021.8472,2012,2026,-122.5473,47.426,2.1528,144,186.4444,68.9145,65572.2222,2.1528,59.2,0.8541666666666666,0.14583333333333334,21,0.2806832378322654,5.126588488458972,102,Very High
Kitsap,Port Gamble,3,94.3333,104.5052,33.0,215.0,39995.0,,39995.0,39995.0,2018.0,2012,2024,-122.6468,47.7369,6.0,3,94.3333,104.5052,39995.0,6.0,2.5,0.3333333333333333,0.6666666666666666,3,0.34076176428701704,5.221384131626399,102,Low
Kitsap,Port Orchard,1683,166.8562,83.7396,6.0,322.0,58607.6111,19534.856,31950.0,184400.0,2021.568,2008,2026,-122.6639,47.5213,2.432,1683,166.8562,83.7396,58607.6111,2.432,674.8,0.7534165181224005,0.24658348187759951,35,0.34248978086944665,5.239704443954826,102,Very High
Kitsap,Poulsbo,1046,159.3901,84.9778,6.0,337.0,58866.5909,23765.3729,31950.0,184400.0,2021.153,2011,2026,-122.6467,47.7369,2.847,1046,159.3901,84.9778,58866.5909,2.847,419.94,0.737093690248566,0.26290630975143403,34,0.340669414535556,5.2212841428139045,102,Very High
Kitsap,Pouslbo,6,182.1667,80.4249,18.0,215.0,64950.0,,64950.0,64950.0,2022.6667,2021,2025,-122.6468,47.7369,1.3333,6,182.1667,80.4249,64950.0,1.3333,4.1,0.8333333333333334,0.16666666666666666,2,0.34076176428701704,5.221384131626399,102,Low
Kitsap,Seabeck,136,166.5074,87.9462,14.0,322.0,73175.0,38718.6853,36900.0,184400.0,2021.7279,2013,2025,-122.8159,47.6451,2.2721,136,166.5074,87.9462,73175.0,2.2721,55.96,0.7279411764705882,0.27205882352941174,17,0.48536136022555604,5.389917411241101,102,Very High
Kitsap,Silverdale,552,174.9801,81.1823,6.0,330.0,55576.7568,14255.9903,31950.0,81100.0,2021.7536,2011,2026,-122.6937,47.6543,2.2464,552,174.9801,81.1823,55576.7568,2.2464,222.45,0.7844202898550725,0.21557971014492755,27,0.36478510112120394,5.26770192209089,102,Very High
Kitsap,Suquamish,99,160.6061,83.9182,18.0,266.0,49233.5714,15397.0814,31950.0,69900.0,2020.9495,2013,2025,-122.5524,47.7316,3.0505,99,160.6061,83.9182,49233.5714,3.0505,41.19,0.7474747474747475,0.25252525252525254,19,0.25349013787523106,5.126916890295769,102,High
Kittitas,Cle Elum,329,188.0669,73.3509,1.0,322.0,68845.8333,5588.6284,52900.0,90700.0,2021.8967,2012,2026,-120.9394,47.195,2.1033,329,188.0669,73.3509,68845.8333,2.1033,133.2,0.8389057750759878,0.16109422492401215,25,1.452135919946881,3.5438806413309165,103,Very High
Kittitas,Easton,24,199.7083,76.6627,19.0,330.0,69900.0,,69900.0,69900.0,2021.0833,2013,2025,-121.1795,47.2378,2.9167,24,199.7083,76.6627,69900.0,2.9167,11.15,0.875,0.125,10,1.210043519878514,3.777036305094249,103,Medium
Kittitas,Ellensburg,421,175.924,81.9427,6.0,322.0,55152.7083,14157.4692,31950.0,69900.0,2021.2945,2011,2026,-120.5487,46.997,2.7055,421,175.924,81.9427,55152.7083,2.7055,170.01,0.7909738717339667,0.20902612826603326,27,1.8845795817635302,3.192058039885861,103,Very High
Kittitas,Kittitas,7,171.8571,77.7505,21.0,215.0,,,,,2022.0,2017,2024,-120.4363,46.9865,2.0,7,171.8571,77.7505,,2.0,,0.8571428571428571,0.14285714285714285,7,1.9945139081991832,3.0844599819093137,103,Low
Kittitas,Ronald,64,176.0781,81.9596,10.0,293.0,67775.0,6010.4076,52900.0,69900.0,2021.5781,2012,2025,-121.0263,47.2378,2.4219,64,176.0781,81.9596,67775.0,2.4219,27.17,0.78125,0.21875,16,1.356772714937906,3.624831180896571,103,High
Kittitas,Roslyn,30,185.1667,75.0651,17.0,293.0,52162.5,20580.953,31950.0,69900.0,2021.6,2015,2024,-120.9981,47.2267,2.4,30,185.1667,75.0651,52162.5,2.4,13.66,0.8333333333333334,0.16666666666666666,12,1.386930513760516,3.5981396331993483,103,Medium
Kittitas,Snoqualmie Pass,35,169.6571,88.5836,17.0,322.0,48600.0,23122.3917,32250.0,64950.0,2021.7429,2015,2025,-121.412,47.4187,2.2571,35,169.6571,88.5836,48600.0,2.2571,15.7,0.7714285714285715,0.22857142857142856,12,0.939010255535041,3.9932247632709124,103,Medium
Kittitas,South Cle Elum,7,167.0,90.7873,18.0,238.0,64950.0,,64950.0,64950.0,2020.7143,2018,2023,-120.9482,47.1889,3.2857,7,167.0,90.7873,64950.0,3.2857,4.29,0.7142857142857143,0.2857142857142857,4,1.445447508559199,3.553406654184121,103,Low
Kittitas,Thorp,10,172.7,74.8674,32.0,215.0,69900.0,,69900.0,69900.0,2022.6,2019,2025,-120.6545,47.046,1.4,10,172.7,74.8674,69900.0,1.4,5.64,0.8,0.2,6,1.7686621497617898,3.2861430416218917,103,Low
Kittitas,Vantage,2,215.0,0.0,215.0,215.0,,,,,2022.5,2022,2023,-119.9899,46.9447,1.5,2,215.0,0.0,,1.5,,1.0,0.0,2,2.4338206774534483,2.6614886849280466,103,Low
Klickitat,Alderdale,1,215.0,,215.0,215.0,,,,,2025.0,2025,2025,-119.769,46.2066,-1.0,1,215.0,0.0,,-1.0,,1.0,0.0,1,2.920335900200515,2.756543821527242,104,Low
Klickitat,Appleton,1,39.0,,39.0,39.0,,,,,2023.0,2023,2023,-121.2854,45.6939,1.0,1,39.0,0.0,,1.0,,0.0,1.0,1,2.1800165549830144,4.330796736167602,104,Low
Klickitat,Bickleton,3,156.0,102.191,38.0,215.0,,,,,2021.3333,2014,2026,-120.3001,45.9978,2.6667,3,156.0,102.191,,2.6667,,0.6666666666666666,0.3333333333333333,3,2.5915197394579104,3.3195439159619498,104,Low
Klickitat,Bingen,8,191.625,73.1104,12.0,238.0,53350.0,23405.2345,36800.0,69900.0,2020.5,2013,2025,-121.4662,45.7151,3.5,8,191.625,73.1104,53350.0,3.5,4.75,0.875,0.125,4,2.079913945335239,4.48343459080201,104,Low
Klickitat,Bz Corner,10,183.4,79.3882,26.0,238.0,,,,,2020.7,2017,2024,-121.487,45.7278,3.3,10,183.4,79.3882,,3.3,,0.8,0.2,6,2.059752550672046,4.496719026134492,104,Low
Klickitat,Centerville,5,114.8,104.4806,21.0,238.0,,,,,2019.4,2013,2024,-120.8875,45.7662,4.6,5,114.8,104.4806,,4.6,,0.6,0.4,5,2.339330921438862,3.945113054146866,104,Low
Klickitat,Dallesport,18,174.2222,85.8128,6.0,291.0,69900.0,,69900.0,69900.0,2021.1667,2012,2026,-121.1687,45.6292,2.8333,18,174.2222,85.8128,69900.0,2.8333,8.72,0.7777777777777778,0.2222222222222222,6,2.2939111927012354,4.25759080349439,104,Medium
Klickitat,Goldendale,50,154.58,87.1675,19.0,259.0,69900.0,0.0,69900.0,69900.0,2021.2,2012,2025,-120.8254,45.823,2.8,50,154.58,87.1675,69900.0,2.8,21.49,0.66,0.34,12,2.334512182448399,3.863428788006839,104,Medium
Klickitat,Husum,24,146.0833,97.5918,6.0,291.0,52900.0,,52900.0,52900.0,2021.0833,2014,2025,-121.487,45.7278,2.9167,24,146.0833,97.5918,52900.0,2.9167,11.17,0.625,0.375,9,2.059752550672046,4.496719026134492,104,Medium
Klickitat,Klickitat,2,113.5,143.5427,12.0,215.0,36800.0,,36800.0,36800.0,2021.5,2018,2025,-121.1518,45.8176,2.5,2,113.5,143.5427,36800.0,2.5,2.61,0.5,0.5,2,2.142941448103521,4.15591182293368,104,Low
Klickitat,Lyle,27,145.6667,93.5682,18.0,259.0,86975.0,31148.0537,64950.0,109000.0,2021.4444,2011,2025,-121.2854,45.6939,2.5556,27,145.6667,93.5682,86975.0,2.5556,12.25,0.5925925925925926,0.4074074074074074,13,2.1800165549830144,4.330796736167602,104,Medium
Klickitat,Maryhill,1,42.0,,42.0,42.0,,,,,2021.0,2021,2021,-120.8254,45.823,3.0,1,42.0,0.0,,3.0,,0.0,1.0,1,2.334512182448399,3.863428788006839,104,Low
Klickitat,Murdock,6,150.1667,100.4399,20.0,215.0,,,,,2022.3333,2017,2025,-121.2621,45.681,1.6667,6,150.1667,100.4399,,1.6667,,0.6666666666666666,0.3333333333333333,4,2.2025655586156794,4.315942081400077,104,Low
Klickitat,Northwestern Lake,1,215.0,,215.0,215.0,,,,,2024.0,2024,2024,-121.487,45.7278,0.0,1,215.0,0.0,,0.0,,1.0,0.0,1,2.059752550672046,4.496719026134492,104,Low
Klickitat,Roosevelt,1,28.0,,28.0,28.0,,,,,2022.0,2022,2022,-120.8254,45.823,2.0,1,28.0,0.0,,2.0,,0.0,1.0,1,2.334512182448399,3.863428788006839,104,Low
Klickitat,Snowden,23,135.1304,95.6981,18.0,291.0,52900.0,,52900.0,52900.0,2021.5217,2014,2024,-121.487,45.7278,2.4783,23,135.1304,95.6981,52900.0,2.4783,10.79,0.5652173913043478,0.43478260869565216,13,2.059752550672046,4.496719026134492,104,Medium
Klickitat,Trout Lake,41,157.9512,86.4031,19.0,238.0,39995.0,,39995.0,39995.0,2021.4878,2013,2025,-121.5253,45.9959,2.5122,41,157.9512,86.4031,39995.0,2.5122,18.14,0.6829268292682927,0.3170731707317073,13,1.8011086391442355,4.423742408866049,104,Medium
Klickitat,Wahkiacus,2,37.5,21.9203,22.0,53.0,,,,,2019.5,2017,2022,-121.1072,45.8466,4.5,2,37.5,21.9203,,4.5,,0.0,1.0,2,2.1439617930364276,4.103084483653733,104,Low
Klickitat,White Salmon,222,170.527,84.3633,6.0,330.0,59319.3333,13197.4441,34995.0,69900.0,2021.473,2011,2026,-121.486,45.7276,2.527,222,170.527,84.3633,59319.3333,2.527,90.39,0.7567567567567568,0.24324324324324326,21,2.060345400654944,4.495901849462464,104,Very High
Klickitat,Wishram,2,173.5,210.0107,25.0,322.0,,,,,2021.0,2020,2022,-120.9646,45.6594,3.0,2,173.5,210.0107,,3.0,,0.5,0.5,2,2.3790936278339263,4.064392982968062,104,Low
Knox,Knoxville,13,215.0,0.0,215.0,215.0,,,,,2023.5385,2022,2024,-84.0865,35.9226,0.4615,13,215.0,0.0,,0.4615,,1.0,0.0,1,39.9904042030085,35.344881534530565,105,Medium
Kootenai,Post Falls,2,215.0,0.0,215.0,215.0,,,,,2022.0,2021,2023,-116.9481,47.7119,2.0,2,215.0,0.0,,2.0,,1.0,0.0,1,5.385037464122233,0.4808409508351022,106,Low
Kootenai,Rathdrum,1,26.0,,26.0,26.0,,,,,2020.0,2020,2020,-116.8964,47.8114,4.0,1,26.0,0.0,,4.0,,0.0,1.0,1,5.439571814950141,0.5511469132636071,106,Low
Kootenai,Worley,1,215.0,,215.0,215.0,,,,,2022.0,2022,2022,-116.919,47.4008,2.0,1,215.0,0.0,,2.0,,1.0,0.0,1,5.416995548272124,0.5688699324098668,106,Low
La Plata,Durango,1,249.0,,249.0,249.0,69900.0,,69900.0,69900.0,2018.0,2018,2018,-107.8793,37.2737,6.0,1,249.0,0.0,69900.0,6.0,1.58,1.0,0.0,1,17.766372282770615,14.106373839509573,107,Low
Lake,Buffalo Grove,1,215.0,,215.0,215.0,,,,,2021.0,2021,2021,-87.9661,42.1538,3.0,1,215.0,0.0,,3.0,,1.0,0.0,1,34.795842018264196,29.969830380067222,108,Low
Lake,Great Lakes,1,215.0,,215.0,215.0,,,,,2021.0,2021,2021,-87.8622,42.3085,3.0,1,215.0,0.0,,3.0,,1.0,0.0,1,34.87462732847477,30.044034025576526,108,Low
Lake,Highland Park,1,215.0,,215.0,215.0,,,,,2021.0,2021,2021,-87.7992,42.1857,3.0,1,215.0,0.0,,3.0,,1.0,0.0,1,34.95572918220989,30.128094892475364,108,Low
Lake,Lake Zurich,1,215.0,,215.0,215.0,,,,,2024.0,2024,2024,-88.0913,42.1975,0.0,1,215.0,0.0,,0.0,,1.0,0.0,1,34.66534898612734,29.83874028473722,108,Low
Lake,Libertyville,3,215.0,0.0,215.0,215.0,,,,,2024.0,2023,2025,-87.9534,42.2878,0.0,3,215.0,0.0,,0.0,,1.0,0.0,2,34.78764712149989,29.958000463315305,108,Low
Laramie,Cheyenne,2,128.5,122.3295,42.0,215.0,,,,,2023.0,2023,2023,-104.8226,41.1559,1.0,2,128.5,122.3295,,1.0,,0.5,0.5,2,18.659822087576295,14.182150752618595,109,Low
Larimer,Timnath,1,215.0,,215.0,215.0,,,,,2018.0,2018,2018,-104.9823,40.5298,6.0,1,215.0,0.0,,6.0,,1.0,0.0,1,18.73742236808468,14.341140494744486,110,Low
Leavenworth,Fort Leavenworth,6,119.8333,96.3336,32.0,215.0,53710.0,15965.1302,39995.0,69900.0,2020.8333,2015,2025,-94.9202,39.3543,3.1667,6,119.8333,96.3336,53710.0,3.1667,3.89,0.5,0.5,3,28.627017225341522,23.989075719793796,111,Low
Lee,Smiths Station,1,220.0,,220.0,220.0,,,,,2019.0,2019,2019,-85.0896,32.5409,5.0,1,220.0,0.0,,5.0,,1.0,0.0,1,40.17420901946919,35.695849413762375,112,Low
Lewis,Ashford,11,196.1818,72.2424,19.0,289.0,,,,,2020.7273,2016,2024,-122.0324,46.7591,3.2727,11,196.1818,72.2424,,3.2727,,0.9090909090909091,0.09090909090909091,5,0.8985535598950175,4.693440214810448,113,Medium
Lewis,Centralia,379,106.715,91.5663,6.0,330.0,42050.0,7650.1354,31950.0,69900.0,2021.7282,2011,2026,-122.9527,46.729,2.2718,379,106.715,91.5663,42050.0,2.2718,153.25,0.44591029023746703,0.554089709762533,21,1.0745344108031154,5.604368022355411,113,Very High
Lewis,Chehalis,320,158.1719,89.4744,6.0,330.0,59844.1304,13895.5419,39995.0,69900.0,2020.9688,2011,2026,-122.9639,46.6619,3.0312,320,158.1719,89.4744,59844.1304,3.0312,129.53,0.7,0.3,24,1.1361662422374619,5.626912654378057,113,Very High
Lewis,Cinebar,8,171.5,88.12,21.0,238.0,,,,,2020.5,2014,2024,-122.4916,46.6041,3.5,8,171.5,88.12,,3.5,,0.75,0.25,5,1.0147140779549675,5.174233803182847,113,Low
Lewis,Curtis,10,157.0,93.4,19.0,215.0,,,,,2021.5,2013,2024,-123.0974,46.5812,2.5,10,157.0,93.4,,2.5,,0.7,0.3,5,1.2791829775290129,5.772867547415227,113,Low
Lewis,Ethel,10,158.3,91.2993,25.0,215.0,,,,,2022.3,2018,2025,-122.7695,46.5454,1.7,10,158.3,91.2993,,1.7,,0.7,0.3,5,1.147438625809676,5.45826454195836,113,Low
Lewis,Galvin,2,215.0,0.0,215.0,215.0,,,,,2022.0,2018,2026,-123.0263,46.7416,2.0,2,215.0,0.0,,2.0,,1.0,0.0,1,1.1088042207711954,5.6749110944577845,113,Low
Lewis,Glenoma,8,124.5,96.9389,25.0,215.0,39995.0,,39995.0,39995.0,2022.25,2020,2024,-122.1302,46.5307,1.75,8,124.5,96.9389,39995.0,1.75,4.97,0.5,0.5,6,1.094286918499894,4.837572454237765,113,Low
Lewis,Mineral,16,192.5625,66.1503,32.0,259.0,39995.0,0.0,39995.0,39995.0,2022.0625,2017,2026,-122.1877,46.719,1.9375,16,192.5625,66.1503,39995.0,1.9375,8.22,0.875,0.125,6,0.8988744072449706,4.853556523828691,113,Medium
Lewis,Morton,22,180.9091,71.8477,25.0,218.0,54947.5,21146.0283,39995.0,69900.0,2021.4091,2015,2024,-122.2751,46.5554,2.5909,22,180.9091,71.8477,54947.5,2.5909,10.41,0.8181818181818182,0.18181818181818182,8,1.0523448294166724,4.973053626294405,113,Medium
Lewis,Mossyrock,40,173.4,91.2022,12.0,322.0,61328.5714,12673.557,36900.0,69900.0,2020.875,2012,2026,-122.4845,46.5295,3.125,40,173.4,91.2022,61328.5714,3.125,17.54,0.7,0.3,14,1.0874321358135437,5.183024285106134,113,Medium
Lewis,Napavine,9,112.0,94.7193,21.0,215.0,,,,,2020.0,2015,2024,-122.927,46.6049,4.0,9,112.0,94.7193,,4.0,,0.4444444444444444,0.5555555555555556,5,1.1646921052364065,5.601045099800577,113,Low
Lewis,Onalaska,43,151.8605,89.4815,8.0,266.0,,,,,2021.6279,2011,2026,-122.7051,46.5781,2.3721,43,151.8605,89.4815,,2.3721,,0.6744186046511628,0.32558139534883723,15,1.0936720760813123,5.38858138103156,113,Medium
Lewis,Packwood,36,156.5833,90.8925,18.0,266.0,67425.0,3500.1786,64950.0,69900.0,2021.8611,2015,2024,-121.6852,46.606,2.1389,36,156.5833,90.8925,67425.0,2.1389,15.98,0.6666666666666666,0.3333333333333333,13,1.1911673476048619,4.387387888026306,113,Medium
Lewis,Pe Ell,4,227.75,25.5,215.0,266.0,,,,,2021.75,2018,2025,-123.2983,46.57,2.25,4,227.75,25.5,,2.25,,1.0,0.0,3,1.416775522092333,5.972385849055631,113,Low
Lewis,Randle,7,127.5714,118.2467,26.0,291.0,54947.5,21146.0283,39995.0,69900.0,2020.2857,2014,2025,-121.9558,46.5353,3.7143,7,127.5714,118.2467,54947.5,3.7143,4.28,0.42857142857142855,0.5714285714285714,5,1.1350896440369826,4.667048348796051,113,Low
Lewis,Rochester,11,127.4545,85.5796,26.0,215.0,,,,,2021.3636,2016,2025,-123.0874,46.8218,2.6364,11,127.4545,85.5796,,2.6364,,0.6363636363636364,0.36363636363636365,7,1.0889267422558806,5.722937965765486,113,Medium
Lewis,Salkum,5,215.0,0.0,215.0,215.0,,,,,2022.0,2021,2023,-122.6306,46.5319,2.0,5,215.0,0.0,,2.0,,1.0,0.0,2,1.1149989865466265,5.325200913580631,113,Low
Lewis,Silver Creek,14,165.7857,90.2997,19.0,266.0,,,,,2020.7857,2014,2024,-122.6021,46.5279,3.2143,14,165.7857,90.2997,,3.2143,,0.7142857142857143,0.2857142857142857,6,1.111589353133609,5.298202149786274,113,Medium
Lewis,Toledo,51,182.5882,84.1485,19.0,322.0,64915.8333,12208.6651,39995.0,69900.0,2020.8235,2013,2025,-122.8478,46.4407,3.1765,51,182.5882,84.1485,64915.8333,3.1765,21.92,0.803921568627451,0.19607843137254902,12,1.2744946998712916,5.556949059510988,113,High
Lewis,Vader,12,127.5833,91.5617,32.0,215.0,39995.0,0.0,39995.0,39995.0,2021.3333,2015,2025,-122.9502,46.402,2.6667,12,127.5833,91.5617,39995.0,2.6667,6.47,0.5,0.5,6,1.353567600823837,5.6653624667800315,113,Medium
Lewis,Winlock,102,164.7451,91.4063,12.0,330.0,60161.1111,15580.071,32250.0,69900.0,2021.1765,2011,2025,-122.9388,46.4911,2.8235,102,164.7451,91.4063,60161.1111,2.8235,42.36,0.7156862745098039,0.28431372549019607,18,1.269461657554099,5.635111989126744,113,Very High
Lincoln,Almira,1,215.0,,215.0,215.0,,,,,2022.0,2022,2022,-118.9402,47.7109,2.0,1,215.0,0.0,,2.0,,1.0,0.0,1,3.3935155370205616,1.5150960530606659,114,Low
Lincoln,Creston,2,128.5,122.3295,42.0,215.0,,,,,2024.0,2023,2025,-118.5191,47.7587,0.0,2,128.5,122.3295,,0.0,,0.5,0.5,2,3.8160483815067145,1.0976555106225192,114,Low
Lincoln,Davenport,28,147.8571,93.1823,14.0,259.0,47472.5,10574.7819,39995.0,54950.0,2021.2143,2017,2025,-118.1491,47.654,2.7857,28,147.8571,93.1823,47472.5,2.7857,12.82,0.6071428571428571,0.39285714285714285,12,4.183273101292807,0.7231159312309495,114,Medium
Lincoln,Deer Meadows,3,181.3333,129.8165,38.0,291.0,,,,,2019.0,2014,2023,-118.1491,47.6541,5.0,3,181.3333,129.8165,,5.0,,0.6666666666666666,0.3333333333333333,2,4.183274245133821,0.7231152743511945,114,Low
Lincoln,Edwall,1,322.0,,322.0,322.0,,,,,2020.0,2020,2020,-117.9511,47.5052,4.0,1,322.0,0.0,,4.0,,1.0,0.0,1,4.382164077256807,0.5471041674123801,114,Low
Lincoln,Ford,2,138.0,141.4214,38.0,238.0,,,,,2016.5,2014,2019,-117.8058,47.9089,7.5,2,138.0,141.4214,,7.5,,0.5,0.5,1,4.536410362830939,0.4547505360084845,114,Low
Lincoln,Grand Coulee,6,107.6667,84.9698,25.0,215.0,,,,,2019.3333,2014,2024,-119.0004,47.9428,4.6667,6,107.6667,84.9698,,4.6667,,0.3333333333333333,0.6666666666666666,5,3.3486600977107224,1.5998097886936404,114,Low
Lincoln,Harrington,3,161.0,93.5307,53.0,215.0,,,,,2020.3333,2017,2022,-118.2568,47.4829,3.6667,3,161.0,93.5307,,3.6667,,0.6666666666666666,0.3333333333333333,2,4.077164821294326,0.8492169628546015,114,Low
Lincoln,Lincoln,4,122.5,107.0623,21.0,215.0,,,,,2021.25,2017,2024,-118.419,47.8294,2.75,4,122.5,107.0623,,2.75,,0.5,0.5,4,3.9194604029126254,1.0075481923957734,114,Low
Lincoln,Newport,1,215.0,,215.0,215.0,,,,,2022.0,2022,2022,-124.0577,44.6323,2.0,1,215.0,0.0,,2.0,,1.0,0.0,1,3.438281048721876,7.289660289752872,114,Low
Lincoln,Odessa,7,137.4286,96.8536,25.0,215.0,,,,,2021.4286,2013,2024,-118.69,47.3332,2.5714,7,137.4286,96.8536,,2.5714,,0.5714285714285714,0.42857142857142855,5,3.6523172657916776,1.305262946689283,114,Low
Lincoln,Reardan,6,188.3333,77.138,32.0,238.0,39995.0,,39995.0,39995.0,2022.6667,2019,2025,-117.877,47.6695,1.3333,6,188.3333,77.138,39995.0,1.3333,4.3,0.8333333333333334,0.16666666666666666,4,4.455549674282626,0.45112691119018167,114,Low
Lincoln,Seven Bays,3,149.6667,113.1607,19.0,215.0,,,,,2020.3333,2014,2024,-118.1491,47.6541,3.6667,3,149.6667,113.1607,,3.6667,,0.6666666666666666,0.3333333333333333,3,4.183274245133821,0.7231152743511945,114,Low
Lincoln,Sprague,4,80.75,89.5447,32.0,215.0,,,,,2018.75,2013,2024,-117.9738,47.3004,5.25,4,80.75,89.5447,,5.25,,0.25,0.75,3,4.369015052617694,0.6546261528536664,114,Low
Lincoln,Wilbur,7,82.5714,90.7999,19.0,215.0,69900.0,,69900.0,69900.0,2022.4286,2016,2025,-118.7091,47.7594,1.5714,7,82.5714,90.7999,69900.0,1.5714,4.28,0.2857142857142857,0.7142857142857143,5,3.6262376149391993,1.287037672331316,114,Low
Los Angeles,Arcadia,1,220.0,,220.0,220.0,,,,,2019.0,2019,2019,-118.0279,34.1455,5.0,1,220.0,0.0,,5.0,,1.0,0.0,1,14.132111736396652,13.526698063459538,115,Low
Los Angeles,Calabasas,1,84.0,,84.0,84.0,,,,,2016.0,2016,2016,-118.6933,34.1523,8.0,1,84.0,0.0,,8.0,,1.0,0.0,1,13.937298542041788,13.565824395885421,115,Low
Los Angeles,Culver City,1,42.0,,42.0,42.0,,,,,2022.0,2022,2022,-118.3959,34.022,2.0,1,42.0,0.0,,2.0,,0.0,1.0,1,14.142989785756054,13.671247940477123,115,Low
Los Angeles,El Monte,1,215.0,,215.0,215.0,,,,,2023.0,2023,2023,-118.0207,34.0532,1.0,1,215.0,0.0,,1.0,,1.0,0.0,1,14.222235371417534,13.618590949507224,115,Low
Los Angeles,Gardena,1,19.0,,19.0,19.0,,,,,2016.0,2016,2016,-118.3196,33.8975,8.0,1,19.0,0.0,,8.0,,0.0,1.0,1,14.283858440211455,13.790282761785559,115,Low
Los Angeles,Hidden Hills,1,14.0,,14.0,14.0,64950.0,,64950.0,64950.0,2017.0,2017,2017,-118.6933,34.1523,7.0,1,14.0,0.0,64950.0,7.0,1.04,0.0,1.0,1,13.937298542041788,13.565824395885421,115,Low
Los Angeles,Lancaster,1,215.0,,215.0,215.0,,,,,2021.0,2021,2021,-118.1805,34.6853,3.0,1,215.0,0.0,,3.0,,1.0,0.0,1,13.571493630768874,12.995421212873403,115,Low
Los Angeles,Los Angeles,6,195.0,91.4243,19.0,291.0,,,,,2021.8333,2020,2023,-118.3322,34.0676,2.1667,6,195.0,91.4243,,2.1667,,0.8333333333333334,0.16666666666666666,2,14.117113372428516,13.62137716532363,115,Low
Los Angeles,Pacific Palisades,1,215.0,,215.0,215.0,,,,,2021.0,2021,2021,-118.5269,34.0471,3.0,1,215.0,0.0,,3.0,,1.0,0.0,1,14.082923696803872,13.656147249499032,115,Low
Los Angeles,Torrance,1,215.0,,215.0,215.0,,,,,2022.0,2022,2022,-118.3438,33.8666,2.0,1,215.0,0.0,,2.0,,1.0,0.0,1,14.306751729515685,13.822703703689811,115,Low
Loudoun,Ashburn,1,215.0,,215.0,215.0,,,,,2024.0,2024,2024,-77.5305,38.9847,0.0,1,215.0,0.0,,0.0,,1.0,0.0,1,45.62360819586719,40.827575620651295,116,Low
Loudoun,Chantilly,1,32.0,,32.0,32.0,39995.0,,39995.0,39995.0,2021.0,2021,2021,-77.4871,38.9059,3.0,1,32.0,0.0,39995.0,3.0,1.66,0.0,1.0,1,45.68116948032307,40.88678260293906,116,Low
Macomb,Warren,6,215.0,0.0,215.0,215.0,,,,,2024.3333,2024,2025,-83.0491,42.5251,-0.3333,6,215.0,0.0,,-0.3333,,1.0,0.0,3,39.6102469849659,34.75810882801307,117,Low
Madison,Saint Jacob,1,215.0,,215.0,215.0,,,,,2018.0,2018,2018,-89.7684,38.7162,6.0,1,215.0,0.0,,6.0,,1.0,0.0,1,33.75539449762067,29.067386062733608,118,Low
Manassas,Manassas,1,215.0,,215.0,215.0,69900.0,,69900.0,69900.0,2021.0,2021,2021,-77.4709,38.7512,3.0,1,215.0,0.0,69900.0,3.0,1.82,1.0,0.0,1,45.726778701762925,40.93599093426224,119,Low
Maricopa,Cave Creek,1,215.0,,215.0,215.0,,,,,2021.0,2021,2021,-111.9551,33.8283,3.0,1,215.0,0.0,,3.0,,1.0,0.0,1,17.248555226742905,14.873247024775727,120,Low
Maricopa,Peoria,1,215.0,,215.0,215.0,,,,,2023.0,2023,2023,-112.3302,33.7534,1.0,1,215.0,0.0,,1.0,,1.0,0.0,1,17.086195347414236,14.809703805275781,120,Low
Maricopa,Phoenix,3,168.3333,80.829,75.0,215.0,,,,,2019.0,2013,2023,-112.0921,33.6001,5.0,3,168.3333,80.829,,5.0,,1.0,0.0,2,17.35017110030907,15.036539990968668,120,Low
Maricopa,Scottsdale,4,136.25,114.3602,9.0,249.0,69900.0,,69900.0,69900.0,2018.75,2016,2023,-111.9234,33.5727,5.25,4,136.25,114.3602,69900.0,5.25,2.86,0.5,0.5,3,17.47226825400755,15.122725282501168,120,Low
Maricopa,Tempe,1,32.0,,32.0,32.0,39995.0,,39995.0,39995.0,2022.0,2022,2022,-111.9372,33.4255,2.0,1,32.0,0.0,39995.0,2.0,1.76,0.0,1.0,1,17.582553810524793,15.254958352286641,120,Low
Marin,Mill Valley,2,215.0,0.0,215.0,215.0,,,,,2022.5,2022,2023,-122.5482,37.9077,1.5,2,215.0,0.0,,1.5,,1.0,0.0,1,9.700907249324676,11.014575981398464,121,Low
Marin,Novato,1,14.0,,14.0,14.0,44100.0,,44100.0,44100.0,2017.0,2017,2017,-122.5771,38.0993,7.0,1,14.0,0.0,44100.0,7.0,1.18,0.0,1.0,1,9.510056393628801,10.858999560733023,121,Low
Marin,San Rafael,1,26.0,,26.0,26.0,,,,,2022.0,2022,2022,-122.5329,37.9746,2.0,1,26.0,0.0,,2.0,,0.0,1.0,1,9.633692916010972,10.948249049505582,121,Low
Marion,Indianapolis,1,215.0,,215.0,215.0,,,,,2024.0,2024,2024,-86.1314,39.9188,0.0,1,215.0,0.0,,0.0,,1.0,0.0,1,37.00792887004081,32.237549366538396,122,Low
Mason,Allyn,109,171.1743,82.6216,6.0,322.0,61640.0,11601.2068,45600.0,69900.0,2021.367,2013,2025,-122.8298,47.3817,2.633,109,171.1743,82.6216,61640.0,2.633,45.17,0.7614678899082569,0.23853211009174313,18,0.5459904211614051,5.410900003696247,123,Very High
Mason,Belfair,212,166.4151,88.6817,14.0,337.0,60506.4286,16439.6042,31950.0,102000.0,2021.1085,2011,2025,-122.828,47.45,2.8915,212,166.4151,88.6817,60506.4286,2.8915,86.35,0.7405660377358491,0.25943396226415094,24,0.5199185032291171,5.406033799376398,123,Very High
Mason,Bremerton,1,72.0,,72.0,72.0,,,,,2014.0,2014,2014,-122.6522,47.5719,10.0,1,72.0,0.0,,10.0,,0.0,1.0,1,0.32193244632996826,5.226922426246626,123,Low
Mason,Elma,14,143.2857,90.4216,22.0,215.0,69900.0,,69900.0,69900.0,2021.1429,2014,2025,-123.4038,47.0038,2.8571,14,143.2857,90.4216,69900.0,2.8571,7.07,0.6428571428571429,0.35714285714285715,7,1.22940093134828,6.013577790300881,123,Medium
Mason,Grapeview,98,167.7857,82.8223,17.0,322.0,63453.4615,9916.5765,39995.0,69900.0,2021.398,2013,2026,-122.8236,47.3277,2.602,98,167.7857,82.8223,63453.4615,2.602,40.76,0.7448979591836735,0.25510204081632654,17,0.5649199058273683,5.407745645830614,123,High
Mason,Hoodsport,70,167.6429,83.7507,17.0,289.0,69900.0,0.0,69900.0,69900.0,2021.2143,2013,2025,-123.1414,47.4064,2.7857,70,167.6429,83.7507,69900.0,2.7857,29.51,0.7428571428571429,0.2571428571428571,18,0.8335985424651445,5.720970452641756,123,High
Mason,Lilliwaup,15,196.4667,74.2023,17.0,291.0,69900.0,0.0,69900.0,69900.0,2022.0667,2018,2025,-123.0921,47.472,1.9333,15,196.4667,74.2023,69900.0,1.9333,7.63,0.8666666666666667,0.13333333333333333,7,0.7717575007734021,5.669178375214525,123,Medium
Mason,Mccleary,1,215.0,,215.0,215.0,,,,,2023.0,2023,2023,-123.264,47.0495,1.0,1,215.0,0.0,,1.0,,1.0,0.0,1,1.085519460903395,5.869709574587139,123,Low
Mason,Olympia,2,261.5,65.7609,215.0,308.0,,,,,2022.0,2020,2024,-122.9233,47.0378,2.0,2,261.5,65.7609,,2.0,,1.0,0.0,1,0.8201195034871475,5.532264300446966,123,Low
Mason,Shelton,594,160.5219,88.7574,6.0,330.0,55469.1304,14463.4705,33950.0,81100.0,2021.0774,2012,2026,-123.1056,47.2125,2.9226,594,160.5219,88.7574,55469.1304,2.9226,239.17,0.7138047138047138,0.28619528619528617,29,0.8679296860921395,5.697108025129936,123,Very High
Mason,Tahuya,46,189.8913,71.5098,25.0,337.0,61400.0,12020.8153,52900.0,69900.0,2021.413,2013,2025,-123.0406,47.3773,2.587,46,189.8913,71.5098,61400.0,2.587,19.99,0.8695652173913043,0.13043478260869565,14,0.7445585672061013,5.6216523736353485,123,Medium
Mason,Union,72,159.3056,86.6295,6.0,270.0,63138.5,17741.4557,39995.0,90700.0,2022.0278,2013,2025,-123.0994,47.3569,1.9722,72,159.3056,86.6295,63138.5,1.9722,30.41,0.7083333333333334,0.2916666666666667,19,0.8067836017173428,5.681426860393435,123,High
Maui,Kihei,2,215.0,0.0,215.0,215.0,,,,,2020.0,2018,2022,-156.4633,20.7825,4.0,2,215.0,0.0,,4.0,,1.0,0.0,2,43.41024873379558,47.39458083979645,124,Low
Meade,Fort Knox,1,215.0,,215.0,215.0,,,,,2021.0,2021,2021,-85.9624,37.8817,3.0,1,215.0,0.0,,3.0,,1.0,0.0,1,37.64732365441134,32.94768291352216,125,Low
Medina,San Antonio,1,215.0,,215.0,215.0,,,,,2022.0,2022,2022,-98.7228,29.4454,2.0,1,215.0,0.0,,2.0,,1.0,0.0,1,29.786132732028165,26.106275678464744,126,Low
Mercer,Princeton,1,38.0,,38.0,38.0,,,,,2014.0,2014,2014,-74.609,40.3752,10.0,1,38.0,0.0,,10.0,,0.0,1.0,1,48.267811578835854,43.43208857469325,127,Low
Miami-Dade,Coral Gables,1,215.0,,215.0,215.0,,,,,2023.0,2023,2023,-80.2715,25.7197,1.0,1,215.0,0.0,,1.0,,1.0,0.0,1,47.414269525217826,43.148360096995575,128,Low
Miami-Dade,Hialeah,1,215.0,,215.0,215.0,,,,,2023.0,2023,2023,-80.3479,25.8898,1.0,1,215.0,0.0,,1.0,,1.0,0.0,1,47.268119050793636,42.9962191431991,128,Low
Middlesex,Cambridge,1,215.0,,215.0,215.0,,,,,2023.0,2023,2023,-71.106,42.3668,1.0,1,215.0,0.0,,1.0,,1.0,0.0,1,51.493345527067866,46.621321988978394,129,Low
Middlesex,Hanscom Afb,1,215.0,,215.0,215.0,,,,,2023.0,2023,2023,-71.2831,42.4598,1.0,1,215.0,0.0,,1.0,,1.0,0.0,1,51.30775607995344,46.43486644117758,129,Low
Middlesex,Somerville,1,215.0,,215.0,215.0,,,,,2023.0,2023,2023,-71.1039,42.3972,1.0,1,215.0,0.0,,1.0,,1.0,0.0,1,51.492350463345524,46.61996764230967,129,Low
Middlesex,Winchester,1,215.0,,215.0,215.0,,,,,2024.0,2024,2024,-71.1457,42.4496,0.0,1,215.0,0.0,,0.0,,1.0,0.0,1,51.44548637655201,46.572544838456054,129,Low
Miller,Lake Ozark,1,215.0,,215.0,215.0,,,,,2024.0,2024,2024,-92.6227,38.1803,0.0,1,215.0,0.0,,0.0,,1.0,0.0,1,31.168831212767667,26.552695779148305,130,Low
Milwaukee,Milwaukee,1,215.0,,215.0,215.0,,,,,2022.0,2022,2022,-87.9107,43.1186,2.0,1,215.0,0.0,,2.0,,1.0,0.0,1,34.71269698136403,29.8624572018111,131,Low
Monroe,Tomah,1,215.0,,215.0,215.0,,,,,2024.0,2024,2024,-90.5048,43.9727,0.0,1,215.0,0.0,,0.0,,1.0,0.0,1,32.03403420644986,27.17238198336686,132,Low
Monterey,Marina,1,30.0,,30.0,30.0,,,,,2023.0,2023,2023,-121.8023,36.6816,1.0,1,30.0,0.0,,1.0,,0.0,1.0,1,10.93743906040166,11.817399101748231,133,Low
Monterey,Pacific Grove,1,25.0,,25.0,25.0,,,,,2022.0,2022,2022,-121.9185,36.6196,2.0,1,25.0,0.0,,2.0,,0.0,1.0,1,10.994382407393335,11.918325926488164,133,Low
Monterey,Seaside,5,136.8,103.9336,21.0,215.0,69900.0,,69900.0,69900.0,2020.2,2014,2024,-121.8535,36.604,3.8,5,136.8,103.9336,69900.0,3.8,3.39,0.6,0.4,4,11.012604723679138,11.908457468958773,133,Low
Montgomery,Bethesda,2,207.5,10.6066,200.0,215.0,,,,,2020.0,2017,2023,-77.0969,38.9864,4.0,2,207.5,10.6066,,4.0,,1.0,0.0,1,46.04915060106972,41.25102215182067,134,Low
Montgomery,Conroe,1,238.0,,238.0,238.0,,,,,2018.0,2018,2018,-95.4946,30.3388,6.0,1,238.0,0.0,,6.0,,1.0,0.0,1,31.91260736777864,27.945817324959382,134,Low
Montgomery,Dayton,1,39.0,,39.0,39.0,,,,,2024.0,2024,2024,-84.1957,39.6233,0.0,1,39.0,0.0,,0.0,,0.0,1.0,1,38.96295288309139,34.18804028223905,134,Low
Montgomery,Gaithersburg,1,215.0,,215.0,215.0,,,,,2024.0,2024,2024,-77.2391,39.12,0.0,1,215.0,0.0,,0.0,,1.0,0.0,1,45.88457517990114,41.08403627992265,134,Low
Montgomery,Germantown,1,215.0,,215.0,215.0,,,,,2022.0,2022,2022,-77.2705,39.1827,2.0,1,215.0,0.0,,2.0,,1.0,0.0,1,45.84215469205173,41.04032713636674,134,Low
Montgomery,Montgomery,1,215.0,,215.0,215.0,,,,,2018.0,2018,2018,-86.3404,32.3804,6.0,1,215.0,0.0,,6.0,,1.0,0.0,1,39.079757605824526,34.63732140221007,134,Low
Montgomery,Pike Road,1,42.0,,42.0,42.0,,,,,2022.0,2022,2022,-86.0472,32.3154,2.0,1,42.0,0.0,,2.0,,0.0,1.0,1,39.37515120796363,34.929200005153284,134,Low
Montgomery,Potomac,1,32.0,,32.0,32.0,39995.0,,39995.0,39995.0,2021.0,2021,2021,-77.2088,39.018,3.0,1,32.0,0.0,39995.0,3.0,1.66,0.0,1.0,1,45.93331451278037,41.134980253793735,134,Low
Moore,Carthage,1,215.0,,215.0,215.0,69900.0,,69900.0,69900.0,2023.0,2023,2023,-79.4154,35.3447,1.0,1,215.0,0.0,69900.0,1.0,2.02,1.0,0.0,1,44.63392791520817,39.95550989750975,135,Low
Moore,Vass,1,215.0,,215.0,215.0,,,,,2023.0,2023,2023,-79.2819,35.2578,1.0,1,215.0,0.0,,1.0,,1.0,0.0,1,44.78618874831838,40.10931519996322,135,Low
Multnomah,Gresham,1,215.0,,215.0,215.0,,,,,2024.0,2024,2024,-122.388,45.4834,0.0,1,215.0,0.0,,0.0,,1.0,0.0,1,2.1235358838503275,5.417915573354758,136,Low
Multnomah,Portland,6,185.3333,84.4385,14.0,238.0,90700.0,,90700.0,90700.0,2020.6667,2017,2023,-122.6096,45.5208,3.3333,6,185.3333,84.4385,90700.0,3.3333,3.83,0.8333333333333334,0.16666666666666666,5,2.103782167906174,5.607205450132889,136,Low
Muscogee,Columbus,1,35.0,,35.0,35.0,64950.0,,64950.0,64950.0,2022.0,2022,2022,-84.9262,32.5396,2.0,1,35.0,0.0,64950.0,2.0,1.58,0.0,1.0,1,40.32621715918814,35.84448644743011,137,Low
Muscogee,Fort Benning,1,308.0,,308.0,308.0,,,,,2020.0,2020,2020,-84.9562,32.3575,4.0,1,308.0,0.0,,4.0,,1.0,0.0,1,40.36682737719178,35.894535708516976,137,Low
New Haven,Madison,2,26.0,9.8995,19.0,33.0,39995.0,,39995.0,39995.0,2016.0,2014,2018,-72.5951,41.2797,8.0,2,26.0,9.8995,39995.0,8.0,1.57,0.0,1.0,2,50.13774796747456,45.28247466316301,138,Low
New London,Gales Ferry,1,215.0,,215.0,215.0,,,,,2021.0,2021,2021,-72.0816,41.4262,3.0,1,215.0,0.0,,3.0,,1.0,0.0,1,50.62909391101129,45.7707320688669,139,Low
New London,Mystic,1,322.0,,322.0,322.0,,,,,2020.0,2020,2020,-71.9603,41.3506,4.0,1,322.0,0.0,,4.0,,1.0,0.0,1,50.75875064065308,45.901233793112795,139,Low
New London,Norwich,2,114.0,142.8356,13.0,215.0,64950.0,,64950.0,64950.0,2020.0,2016,2024,-72.0757,41.5268,4.0,2,114.0,142.8356,64950.0,4.0,2.22,0.5,0.5,2,50.62277002812074,45.7629886927198,139,Low
New London,Old Lyme,1,38.0,,38.0,38.0,,,,,2015.0,2015,2015,-72.3342,41.3239,9.0,1,38.0,0.0,,9.0,,0.0,1.0,1,50.391043824274966,45.534617438274374,139,Low
New London,Preston,1,33.0,,33.0,33.0,39995.0,,39995.0,39995.0,2018.0,2018,2018,-71.9897,41.5295,6.0,1,33.0,0.0,39995.0,6.0,1.37,0.0,1.0,1,50.707825043576854,45.84785356131735,139,Low
New London,Waterford,1,42.0,,42.0,42.0,,,,,2021.0,2021,2021,-72.1385,41.3459,3.0,1,42.0,0.0,,3.0,,0.0,1.0,1,50.58249536203212,45.72537985255016,139,Low
New York,New York,3,215.0,0.0,215.0,215.0,,,,,2021.3333,2018,2024,-73.9764,40.7732,2.6667,3,215.0,0.0,,2.6667,,1.0,0.0,2,48.8360892321447,43.991808641155004,140,Low
Newport,Middletown,3,85.3333,112.3046,19.0,215.0,,,,,2018.0,2014,2022,-71.2992,41.5162,6.0,3,85.3333,112.3046,,6.0,,0.3333333333333333,0.6666666666666666,3,51.39498985708626,46.53400061245541,141,Low
Newport,Newport,1,25.0,,25.0,25.0,,,,,2017.0,2017,2017,-71.3109,41.4926,7.0,1,25.0,0.0,,7.0,,0.0,1.0,1,51.3861747399045,46.52552493470654,141,Low
Nueces,Corpus Christi,2,237.0,31.1127,215.0,259.0,,,,,2021.5,2020,2023,-97.3736,27.6852,2.5,2,237.0,31.1127,,2.5,,1.0,0.0,2,31.933884249336163,28.302710872282187,142,Low
Okaloosa,Crestview,1,14.0,,14.0,14.0,,,,,2017.0,2017,2017,-86.571,30.7618,7.0,1,14.0,0.0,,7.0,,0.0,1.0,1,39.52961022537409,35.1786815273114,143,Low
Okaloosa,Niceville,1,42.0,,42.0,42.0,,,,,2022.0,2022,2022,-86.4868,30.5206,2.0,1,42.0,0.0,,2.0,,0.0,1.0,1,39.70898210040141,35.36879975175861,143,Low
Okanogan,Brewster,20,159.25,88.0125,21.0,220.0,,,,,2022.15,2012,2026,-119.7809,48.0997,1.85,20,159.25,88.0125,,1.85,,0.7,0.3,7,2.5984925803242094,2.3958186116649154,144,Medium
Okanogan,Carlton,7,160.1429,101.9386,6.0,238.0,64950.0,,64950.0,64950.0,2020.0,2012,2024,-120.0933,48.2365,4.0,7,160.1429,101.9386,64950.0,4.0,4.23,0.7142857142857143,0.2857142857142857,6,2.3258339429116575,2.7291439280477654,144,Low
Okanogan,Chelan,1,75.0,,75.0,75.0,,,,,2013.0,2013,2013,-120.0145,47.8398,11.0,1,75.0,0.0,,11.0,,1.0,0.0,1,2.329342980327284,2.59482046585115,144,Low
Okanogan,Conconully,1,215.0,,215.0,215.0,,,,,2023.0,2023,2023,-119.7501,48.5578,1.0,1,215.0,0.0,,1.0,,1.0,0.0,1,2.7517751652342466,2.4919152894911996,144,Low
Okanogan,Coulee Dam,7,141.1429,94.1991,21.0,215.0,,,,,2021.2857,2015,2024,-118.9767,47.9708,2.7143,7,141.1429,94.1991,,2.7143,,0.7142857142857143,0.2857142857142857,5,3.3751507107090815,1.5817757394776206,144,Low
Okanogan,Elmer City,1,215.0,,215.0,215.0,,,,,2023.0,2023,2023,-118.9534,47.9988,1.0,1,215.0,0.0,,1.0,,1.0,0.0,1,3.4014332934808476,1.56478457303234,144,Low
Okanogan,Malott,1,215.0,,215.0,215.0,,,,,2024.0,2024,2024,-119.7062,48.2828,0.0,1,215.0,0.0,,0.0,,1.0,0.0,1,2.711667083179646,2.364040617248353,144,Low
Okanogan,Mazama,28,185.8929,83.1573,16.0,330.0,64233.3333,9814.9546,52900.0,69900.0,2021.75,2011,2025,-120.4081,48.5941,2.25,28,185.8929,83.1573,64233.3333,2.25,12.82,0.8214285714285714,0.17857142857142858,14,2.1628042930417823,3.1253330222553903,144,Medium
Okanogan,Methow,6,186.1667,70.627,42.0,215.0,,,,,2023.0,2021,2024,-119.9524,48.0918,1.0,6,186.1667,70.627,,1.0,,0.8333333333333334,0.16666666666666666,6,2.4287403010614366,2.5632373982914607,144,Low
Okanogan,Nespelem,1,150.0,,150.0,150.0,,,,,2019.0,2019,2019,-118.9766,48.1664,5.0,1,150.0,0.0,,5.0,,1.0,0.0,1,3.401941253167072,1.631569220106831,144,Low
Okanogan,Okanogan,10,159.9,85.4055,33.0,215.0,39995.0,,39995.0,39995.0,2021.8,2015,2025,-119.5796,48.3654,2.2,10,159.9,85.4055,39995.0,2.2,5.77,0.7,0.3,7,2.8552829789707337,2.266556092400978,144,Low
Okanogan,Omak,29,105.9655,93.2016,6.0,215.0,47471.25,14952.5,39995.0,69900.0,2021.5172,2012,2025,-119.5272,48.4108,2.4828,29,105.9655,93.2016,47471.25,2.4828,13.17,0.41379310344827586,0.5862068965517241,15,2.9180207624347054,2.2317135658502343,144,Medium
Okanogan,Oroville,22,183.0455,73.5925,25.0,238.0,,,,,2021.7727,2018,2024,-119.4356,48.9388,2.2273,22,183.0455,73.5925,,2.2273,,0.8181818181818182,0.18181818181818182,12,3.188343615421653,2.3826229580023712,144,Medium
Okanogan,Pateros,8,147.25,93.7622,21.0,215.0,,,,,2021.0,2012,2024,-119.8998,48.055,3.0,8,147.25,93.7622,,3.0,,0.625,0.375,6,2.473358997396049,2.505326501675976,144,Low
Okanogan,Riverside,4,166.5,97.0,21.0,215.0,,,,,2023.5,2022,2024,-119.5085,48.5012,0.5,4,166.5,97.0,,0.5,,0.75,0.25,3,2.9620502966695192,2.246429168703073,144,Low
Okanogan,Tonasket,23,116.8261,94.4297,6.0,266.0,39995.0,,39995.0,39995.0,2020.2609,2012,2025,-119.4368,48.7086,3.7391,23,116.8261,94.4297,39995.0,3.7391,10.75,0.4782608695652174,0.5217391304347826,7,3.098071634097563,2.268346684261471,144,Medium
Okanogan,Twisp,65,164.6615,90.4519,6.0,322.0,46447.5,9125.213,39995.0,52900.0,2021.4769,2012,2025,-120.1231,48.3652,2.5231,65,164.6615,90.4519,46447.5,2.5231,27.69,0.6923076923076923,0.3076923076923077,14,2.3357572647858795,2.7880726981196093,144,High
Okanogan,Winthrop,150,174.4867,83.4851,12.0,330.0,56944.5455,14397.1567,36900.0,81100.0,2021.8267,2013,2026,-120.1786,48.474,2.1733,150,174.4867,83.4851,56944.5455,2.1733,61.65,0.7533333333333333,0.24666666666666667,20,2.321774986944249,2.8707765151610114,144,Very High
Oldham,Goshen,1,33.0,,33.0,33.0,39995.0,,39995.0,39995.0,2018.0,2018,2018,-85.5778,38.4002,6.0,1,33.0,0.0,39995.0,6.0,1.37,0.0,1.0,1,37.88969522825435,33.16669288910187,145,Low
Olmsted,Rochester,1,215.0,,215.0,215.0,,,,,2024.0,2024,2024,-92.4787,44.0301,0.0,1,215.0,0.0,,0.0,,1.0,0.0,1,30.06682528585284,25.20982429490535,146,Low
Orange,Aliso Viejo,1,30.0,,30.0,30.0,,,,,2023.0,2023,2023,-117.7268,33.5696,1.0,1,30.0,0.0,,1.0,,0.0,1.0,1,14.772776572127528,14.092410627000618,147,Low
Orange,Buena Park,1,19.0,,19.0,19.0,,,,,2016.0,2016,2016,-118.017,33.8348,8.0,1,19.0,0.0,,8.0,,0.0,1.0,1,14.43161619396802,13.836627370858837,147,Low
Orange,Huntington Beach,1,208.0,,208.0,208.0,69900.0,,69900.0,69900.0,2015.0,2015,2015,-118.0016,33.6789,9.0,1,208.0,0.0,69900.0,9.0,1.2,1.0,0.0,1,14.585023672932452,13.991744686421347,147,Low
Orange,Irvine,2,217.5,3.5355,215.0,220.0,,,,,2020.5,2019,2022,-117.7888,33.6896,3.5,2,217.5,3.5355,,3.5,,1.0,0.0,1,14.63944433542476,13.973910421925568,147,Low
Orange,Ladera Ranch,1,215.0,,215.0,215.0,,,,,2023.0,2023,2023,-117.6388,33.5706,1.0,1,215.0,0.0,,1.0,,1.0,0.0,1,14.79949770262491,14.089807063263855,147,Low
Orange,Laguna Niguel,1,200.0,,200.0,200.0,,,,,2016.0,2016,2016,-117.7082,33.5606,8.0,1,200.0,0.0,,8.0,,1.0,0.0,1,14.78713395388031,14.101024079122762,147,Low
Orange,Lake Forest,1,291.0,,291.0,291.0,,,,,2020.0,2020,2020,-117.7174,33.6283,4.0,1,291.0,0.0,,4.0,,1.0,0.0,1,14.719957353878439,14.033525722711307,147,Low
Orange,Maitland,1,238.0,,238.0,238.0,,,,,2018.0,2018,2018,-81.3645,28.6274,6.0,1,238.0,0.0,,6.0,,1.0,0.0,1,45.150183822438635,40.77531076779182,147,Low
Orange,Midway City,1,215.0,,215.0,215.0,,,,,2023.0,2023,2023,-117.9865,33.7447,1.0,1,215.0,0.0,,1.0,,1.0,0.0,1,14.526714067881969,13.925384700610607,147,Low
Orange,Orlando,4,166.25,94.1962,25.0,215.0,69900.0,,69900.0,69900.0,2021.5,2016,2025,-81.3168,28.489,2.5,4,166.25,94.1962,69900.0,2.5,3.16,0.75,0.25,2,45.25176427422471,40.88221565277499,147,Low
Orange,Trabuco Canyon,1,215.0,,215.0,215.0,,,,,2023.0,2023,2023,-117.5903,33.6617,1.0,1,215.0,0.0,,1.0,,1.0,0.0,1,14.72867093426966,13.998064255460463,147,Low
Orange,West Point,2,128.5,122.3295,42.0,215.0,,,,,2022.0,2022,2022,-73.955,41.3952,2.0,2,128.5,122.3295,,2.0,,0.5,0.5,2,48.77417682965034,43.91993312790902,147,Low
Orange,Winter Park,1,215.0,,215.0,215.0,,,,,2021.0,2021,2021,-81.3127,28.5926,3.0,1,215.0,0.0,,3.0,,1.0,0.0,1,45.211814399778284,40.83736547979068,147,Low
Osceola,Kissimmee,1,215.0,,215.0,215.0,,,,,2023.0,2023,2023,-81.5455,28.3162,1.0,1,215.0,0.0,,1.0,,1.0,0.0,1,45.11818745871779,40.76207127968352,148,Low
Otero,Holloman Air Force Base,1,25.0,,25.0,25.0,,,,,2023.0,2023,2023,-106.0696,32.833,1.0,1,25.0,0.0,,1.0,,0.0,1.0,1,21.970806641768988,18.67544287560539,149,Low
Pacific,Bay Center,1,38.0,,38.0,38.0,,,,,2014.0,2014,2014,-123.9552,46.6319,10.0,1,38.0,0.0,,10.0,,0.0,1.0,1,1.8930700198355117,6.609461116460254,150,Low
Pacific,Chinook,3,157.3333,99.8816,42.0,215.0,,,,,2021.3333,2018,2023,-123.9453,46.2726,2.6667,3,157.3333,99.8816,,2.6667,,0.6666666666666666,0.3333333333333333,3,2.09306072534937,6.6650448558130515,150,Low
Pacific,Frances,1,84.0,,84.0,84.0,,,,,2015.0,2015,2015,-123.7299,46.6887,9.0,1,84.0,0.0,,9.0,,1.0,0.0,1,1.67202006267868,6.378107024815434,150,Low
Pacific,Ilwaco,20,111.1,90.1437,25.0,238.0,48313.3333,14407.776,39995.0,64950.0,2021.75,2011,2025,-124.0355,46.3088,2.25,20,111.1,90.1437,48313.3333,2.25,9.59,0.45,0.55,9,2.1412188865223505,6.745961032351133,150,Medium
Pacific,Lebam,3,215.0,0.0,215.0,215.0,,,,,2023.0,2022,2024,-123.7299,46.6887,1.0,3,215.0,0.0,,1.0,,1.0,0.0,2,1.67202006267868,6.378107024815434,150,Low
Pacific,Long Beach,60,147.9833,90.4266,6.0,238.0,54947.5,21146.0283,39995.0,69900.0,2021.4667,2012,2025,-124.0544,46.3523,2.5333,60,147.9833,90.4266,54947.5,2.5333,25.59,0.6333333333333333,0.36666666666666664,15,2.1303949164415545,6.755932860086753,150,High
Pacific,Menlo,13,145.5385,91.5893,25.0,215.0,,,,,2021.8462,2015,2025,-123.7299,46.6887,2.1538,13,145.5385,91.5893,,2.1538,,0.6153846153846154,0.38461538461538464,6,1.67202006267868,6.378107024815434,150,Medium
Pacific,Nahcotta,5,148.6,112.5047,22.0,259.0,39995.0,,39995.0,39995.0,2021.8,2020,2023,-124.0499,46.4915,2.2,5,148.6,112.5047,39995.0,2.2,3.8,0.6,0.4,5,2.04777755872067,6.725967625553953,150,Low
Pacific,Naselle,16,124.875,110.4016,25.0,322.0,39995.0,0.0,39995.0,39995.0,2021.6875,2015,2026,-123.8115,46.3654,2.3125,16,124.875,110.4016,39995.0,2.3125,8.14,0.4375,0.5625,8,1.9308570635860116,6.515174119699328,150,Medium
Pacific,North Cove,12,136.8333,95.816,6.0,215.0,69900.0,,69900.0,69900.0,2020.8333,2012,2025,-124.0459,46.7608,3.1667,12,136.8333,95.816,69900.0,3.1667,6.23,0.5833333333333334,0.4166666666666667,6,1.910971376028437,6.680529919849174,150,Medium
Pacific,Ocean Park,51,129.3922,91.7804,13.0,259.0,69900.0,0.0,69900.0,69900.0,2020.8824,2015,2025,-124.05,46.4887,3.1176,51,129.3922,91.7804,69900.0,3.1176,21.82,0.5686274509803921,0.43137254901960786,14,2.049386898562592,6.726552609621063,150,High
Pacific,Oysterville,7,167.0,98.326,25.0,259.0,,,,,2021.8571,2017,2025,-124.0401,46.5161,2.1429,7,167.0,98.326,,2.1429,,0.7142857142857143,0.2857142857142857,5,2.026223583418176,6.712084780453828,150,Low
Pacific,Raymond,41,160.3902,86.8651,19.0,291.0,45960.0,16212.4042,33950.0,69900.0,2020.3902,2011,2025,-123.7299,46.6887,3.6098,41,160.3902,86.8651,45960.0,3.6098,17.97,0.7317073170731707,0.2682926829268293,11,1.67202006267868,6.378107024815434,150,Medium
Pacific,Seaview,11,123.5455,107.2253,21.0,266.0,39995.0,,39995.0,39995.0,2021.3636,2018,2025,-124.0512,46.3336,2.6364,11,123.5455,107.2253,39995.0,2.6364,6.1,0.45454545454545453,0.5454545454545454,7,2.13888185040689,6.7564361966942235,150,Medium
Pacific,Smith Creek,1,215.0,,215.0,215.0,,,,,2023.0,2023,2023,-123.7299,46.6887,1.0,1,215.0,0.0,,1.0,,1.0,0.0,1,1.67202006267868,6.378107024815434,150,Low
Pacific,South Bend,10,180.6,72.6746,33.0,215.0,,,,,2022.9,2016,2025,-123.7877,46.6731,1.1,10,180.6,72.6746,,1.1,,0.8,0.2,6,1.7290017264306066,6.437610688757125,150,Low
Pacific,Surfside,37,136.2162,92.4095,12.0,265.0,55566.6667,16921.3869,36900.0,69900.0,2022.0,2012,2025,-124.0499,46.4915,2.0,37,136.2162,92.4095,55566.6667,2.0,16.42,0.5675675675675675,0.43243243243243246,15,2.04777755872067,6.725967625553953,150,Medium
Pacific,Tokeland,4,81.5,104.5068,21.0,238.0,52900.0,,52900.0,52900.0,2021.5,2019,2023,-123.9981,46.7123,2.5,4,81.5,104.5068,52900.0,2.5,3.1,0.25,0.75,4,1.890664753466355,6.639906675548979,150,Low
Pacific,Willapa,3,150.3333,112.006,21.0,215.0,,,,,2024.6667,2024,2025,-123.7299,46.6887,-0.6667,3,150.3333,112.006,,-0.6667,,0.6666666666666666,0.3333333333333333,3,1.67202006267868,6.378107024815434,150,Low
Palm Beach,Boca Raton,1,291.0,,291.0,291.0,,,,,2020.0,2020,2020,-80.0884,26.3505,4.0,1,291.0,0.0,,4.0,,1.0,0.0,1,47.289903490914426,42.98999910037218,151,Low
Pend Oreille,Cusick,11,182.8182,77.6284,21.0,238.0,39995.0,,39995.0,39995.0,2023.0,2019,2025,-117.3044,48.3387,1.0,11,182.8182,77.6284,39995.0,1.0,6.32,0.8181818181818182,0.18181818181818182,7,5.080779816130587,0.6906884753635353,152,Medium
Pend Oreille,Elk,12,184.5,76.8889,19.0,238.0,,,,,2022.0833,2016,2025,-117.2782,48.0172,1.9167,12,184.5,76.8889,,1.9167,,0.8333333333333334,0.16666666666666666,6,5.070584405174613,0.3876795068094306,152,Medium
Pend Oreille,Ione,3,94.3333,104.8062,26.0,215.0,,,,,2023.0,2021,2024,-117.4179,48.7417,1.0,3,94.3333,104.8062,,1.0,,0.3333333333333333,0.6666666666666666,3,5.043681382680704,1.082930293232212,152,Low
Pend Oreille,Metaline,1,33.0,,33.0,33.0,,,,,2024.0,2024,2024,-117.3888,48.856,0.0,1,33.0,0.0,,0.0,,0.0,1.0,1,5.0988444700735815,1.1977778091115252,152,Low
Pend Oreille,Newport,58,181.3103,81.7689,6.0,322.0,69900.0,,69900.0,69900.0,2021.3276,2013,2025,-117.044,48.1828,2.6724,58,181.3103,81.7689,69900.0,2.6724,24.75,0.8103448275862069,0.1896551724137931,15,5.319442561960792,0.6484597134749427,152,High
Pend Oreille,Usk,2,118.0,137.1787,21.0,215.0,,,,,2023.0,2023,2023,-117.2805,48.3138,1.0,2,118.0,137.1787,,1.0,,0.5,0.5,2,5.10091759588409,0.6709659082248524,152,Low
Penobscot,Brewer,1,6.0,,6.0,6.0,,,,,2012.0,2012,2012,-68.7643,44.7956,12.0,1,6.0,0.0,,12.0,,0.0,1.0,1,53.64148272745636,48.74586096408596,153,Low
Philadelphia,Philadelphia,1,42.0,,42.0,42.0,,,,,2021.0,2021,2021,-75.1622,39.9522,3.0,1,42.0,0.0,,3.0,,0.0,1.0,1,47.78685155992179,42.96068521334361,154,Low
Pierce,Anderson Island,57,165.8246,81.749,6.0,259.0,62310.0,14365.4272,36900.0,69900.0,2020.8772,2013,2025,-122.6788,47.1779,3.1228,57,165.8246,81.749,62310.0,3.1228,24.3,0.7894736842105263,0.21052631578947367,17,0.5510370042020762,5.274767544641179,155,High
Pierce,Artondale,2,215.0,0.0,215.0,215.0,,,,,2023.5,2023,2024,-122.5801,47.328,0.5,2,215.0,0.0,,0.5,,1.0,0.0,1,0.3726918834640773,5.164704778590931,155,Low
Pierce,Ashford,14,161.4286,96.9954,6.0,322.0,,,,,2021.2857,2014,2025,-122.0324,46.7591,2.7143,14,161.4286,96.9954,,2.7143,,0.6428571428571429,0.35714285714285715,9,0.8985535598950175,4.693440214810448,155,Medium
Pierce,Auburn,373,185.5764,72.4789,6.0,322.0,62819.7727,11088.5569,39995.0,69900.0,2022.1475,2012,2026,-122.1821,47.3199,1.8525,373,185.5764,72.4789,62819.7727,1.8525,150.85,0.8337801608579088,0.16621983914209115,27,0.3232146191000646,4.768159017901986,155,Very High
Pierce,Bonney Lake,1532,181.7722,75.9352,6.0,330.0,60271.1364,18423.9876,32250.0,184400.0,2022.1129,2011,2026,-122.1714,47.1918,1.8871,1532,181.7722,75.9352,60271.1364,1.8871,614.46,0.8139686684073107,0.1860313315926893,33,0.4444680528451934,4.76832362156765,155,Very High
Pierce,Buckley,392,175.5102,82.2621,6.0,322.0,60350.4545,13724.308,31950.0,81100.0,2021.7321,2012,2026,-122.0252,47.163,2.2679,392,175.5102,82.2621,60350.4545,2.2679,158.42,0.7806122448979592,0.2193877551020408,29,0.539086124844633,4.625846763566641,155,Very High
Pierce,Carbonado,13,223.5385,18.6352,208.0,266.0,69900.0,,69900.0,69900.0,2021.3077,2014,2024,-122.0474,47.0804,2.6923,13,223.5385,18.6352,69900.0,2.6923,6.7,1.0,0.0,3,0.5979295359822966,4.657454725491161,155,Medium
Pierce,Dupont,261,160.567,87.7953,6.0,330.0,57205.3125,12939.5534,32250.0,69900.0,2021.7548,2011,2026,-122.6295,47.0958,2.2452,261,160.567,87.7953,57205.3125,2.2452,106.02,0.7241379310344828,0.27586206896551724,24,0.5907240641788701,5.233868669540716,155,Very High
Pierce,Eatonville,194,166.6804,85.5981,14.0,322.0,56474.6667,14579.249,39995.0,69900.0,2021.5515,2011,2026,-122.2683,46.8673,2.4485,194,166.6804,85.5981,56474.6667,2.4485,79.21,0.7371134020618557,0.26288659793814434,22,0.7416492769496924,4.906561070648152,155,Very High
Pierce,Edgewood,419,183.3675,73.5601,13.0,322.0,58579.1071,14147.9713,31950.0,69900.0,2021.7232,2011,2026,-122.2894,47.1927,2.2768,419,183.3675,73.5601,58579.1071,2.2768,169.23,0.8233890214797136,0.1766109785202864,26,0.4156988573474781,4.885684063670101,155,Very High
Pierce,Elbe,4,215.0,0.0,215.0,215.0,,,,,2022.5,2021,2023,-122.1937,46.7646,1.5,4,215.0,0.0,,1.5,,1.0,0.0,2,0.8529039336291027,4.850830540227111,155,Low
Pierce,Enumclaw,23,163.7391,88.0755,19.0,249.0,68910.0,2213.7073,64950.0,69900.0,2021.4348,2017,2026,-121.9914,47.2043,2.5652,23,163.7391,88.0755,68910.0,2.5652,10.74,0.7391304347826086,0.2608695652173913,10,0.5268776897914704,4.587967677523455,155,Medium
Pierce,Fife,302,161.1556,85.7156,6.0,308.0,52603.3929,15229.1335,32250.0,81100.0,2022.649,2011,2026,-122.3569,47.2368,1.351,302,161.1556,85.7156,52603.3929,1.351,122.54,0.7152317880794702,0.2847682119205298,26,0.3702315491688939,4.948925015596815,155,Very High
Pierce,Fircrest,216,180.75,77.2798,6.0,330.0,59482.381,13189.0581,32250.0,75095.0,2021.7269,2012,2026,-122.5317,47.2345,2.2731,216,180.75,77.2798,59482.381,2.2731,88.02,0.8333333333333334,0.16666666666666666,23,0.42190170656209086,5.1233000087834,155,Very High
Pierce,Fox Island,286,170.3497,84.83,13.0,330.0,62034.4118,13308.2111,34995.0,81100.0,2021.6154,2012,2026,-122.6511,47.2738,2.3846,286,170.3497,84.83,62034.4118,2.3846,115.99,0.7412587412587412,0.25874125874125875,27,0.4607068048119124,5.239264739445791,155,Very High
Pierce,Gig Harbor,2745,174.3989,80.1314,6.0,337.0,62600.8727,14151.8417,31950.0,184400.0,2021.7082,2008,2026,-122.5944,47.3403,2.2918,2745,174.3989,80.1314,62600.8727,2.2918,1099.6,0.7857923497267759,0.21420765027322405,36,0.3735024765647466,5.178204400175789,155,Very High
Pierce,Graham,532,165.032,84.706,6.0,330.0,57417.75,15087.5157,31950.0,69900.0,2021.438,2011,2026,-122.2948,47.057,2.562,532,165.032,84.706,57417.75,2.562,214.39,0.7462406015037594,0.25375939849624063,30,0.5504651941767064,4.905851269657482,155,Very High
Pierce,Incorporated,1,215.0,,215.0,215.0,,,,,2024.0,2024,2024,-122.515,47.162,0.0,1,215.0,0.0,,0.0,,1.0,0.0,1,0.4803811507542768,5.113191883745415,155,Low
Pierce,Joint Base Lewis Mcchord,156,169.3846,85.2869,18.0,322.0,49677.5,12408.3084,39995.0,69900.0,2022.0833,2011,2026,-122.6069,47.0883,1.9167,156,169.3846,85.2869,49677.5,1.9167,64.12,0.7564102564102564,0.24358974358974358,16,0.5862895615649354,5.212215945257827,155,Very High
Pierce,Kapowsin,5,165.4,68.9442,75.0,220.0,69900.0,,69900.0,69900.0,2017.4,2013,2021,-122.2347,46.9844,6.6,5,165.4,68.9442,69900.0,6.6,3.09,1.0,0.0,2,0.6293822368004988,4.855760604683885,155,Low
Pierce,Lake Tapps,490,185.949,74.3589,6.0,337.0,65364.7826,21125.2529,36900.0,184400.0,2021.8571,2012,2026,-122.1714,47.1918,2.1429,490,185.949,74.3589,65364.7826,2.1429,197.61,0.8387755102040816,0.16122448979591836,33,0.4444680528451934,4.76832362156765,155,Very High
Pierce,Lakebay,132,170.5,80.758,14.0,322.0,53397.8571,15504.419,39995.0,69900.0,2021.0909,2013,2026,-122.7549,47.2504,2.9091,132,170.5,80.758,53397.8571,2.9091,54.39,0.7575757575757576,0.24242424242424243,21,0.552587983944647,5.344526711505898,155,Very High
Pierce,Lakewood,1194,177.83,79.2865,6.0,330.0,58468.7931,20720.0031,34995.0,184400.0,2021.7219,2008,2026,-122.5328,47.1623,2.2781,1194,177.83,79.2865,58468.7931,2.2781,479.23,0.7989949748743719,0.20100502512562815,34,0.4871629090971504,5.130878919834293,155,Very High
Pierce,Longbranch,28,161.7857,93.2779,12.0,322.0,36800.0,,36800.0,36800.0,2021.5,2013,2026,-122.759,47.2145,2.5,28,161.7857,93.2779,36800.0,2.5,13.0,0.6785714285714286,0.32142857142857145,10,0.5793725053883754,5.351475636681903,155,Medium
Pierce,Mcchord Afb,1,29.0,,29.0,29.0,,,,,2019.0,2019,2019,-122.5297,47.1272,5.0,1,29.0,0.0,,5.0,,0.0,1.0,1,0.5181570804302519,5.131310967969105,155,Low
Pierce,Milton,124,175.2903,81.0409,6.0,322.0,55399.0,17923.023,32250.0,69900.0,2021.3629,2012,2026,-122.3217,47.249,2.6371,124,175.2903,81.0409,55399.0,2.6371,51.21,0.8145161290322581,0.18548387096774194,20,0.35735136770411136,4.912821442918524,155,Very High
Pierce,Orting,258,171.8605,84.1109,14.0,330.0,52437.1053,15039.2109,31950.0,75095.0,2021.7481,2014,2026,-122.2017,47.096,2.2519,258,171.8605,84.1109,52437.1053,2.2519,104.87,0.7635658914728682,0.2364341085271318,23,0.5266006076715097,4.808747688328014,155,Very High
Pierce,Pacific,4,233.5,37.0,215.0,289.0,,,,,2021.75,2019,2023,-122.2469,47.2647,2.25,4,233.5,37.0,,2.25,,1.0,0.0,2,0.3519677399989983,4.8369816642199455,155,Low
Pierce,Parkland,152,164.9539,83.5087,6.0,291.0,56608.8889,15761.3189,39995.0,69900.0,2021.2368,2012,2026,-122.3775,47.0966,2.7632,152,164.9539,83.5087,56608.8889,2.7632,62.37,0.7368421052631579,0.2631578947368421,24,0.5116183343079086,4.983314267633535,155,Very High
Pierce,Puyallup,2112,172.027,80.8789,6.0,330.0,57623.6752,22287.0656,31950.0,184400.0,2021.9096,2011,2026,-122.2896,47.1542,2.0904,2112,172.027,80.8789,57623.6752,2.0904,846.44,0.7788825757575758,0.22111742424242425,34,0.453993667356714,4.8897061384095375,155,Very High
Pierce,Roy,187,168.9091,83.7499,13.0,330.0,63198.75,13288.2896,39995.0,75095.0,2020.9679,2011,2025,-122.5433,47.0033,3.0321,187,168.9091,83.7499,63198.75,3.0321,76.32,0.7700534759358288,0.22994652406417113,21,0.6388222366198597,5.15911228216638,155,Very High
Pierce,Ruston,43,162.3953,92.5527,17.0,291.0,52781.6667,15286.5891,36900.0,69900.0,2022.1395,2013,2025,-122.5113,47.2924,1.8605,43,162.3953,92.5527,52781.6667,1.8605,18.9,0.6976744186046512,0.3023255813953488,14,0.3613628093758452,5.098482622310293,155,Medium
Pierce,South Hill,827,176.3108,78.7109,6.0,330.0,59854.3478,24190.442,31950.0,184400.0,2021.8295,2011,2026,-122.2912,47.1283,2.1705,827,176.3108,78.7109,59854.3478,2.1705,332.43,0.8016928657799275,0.19830713422007254,32,0.4796469743467562,4.894037320045691,155,Very High
Pierce,South Prairie,6,166.5,106.4007,30.0,258.0,54947.5,21146.0283,39995.0,69900.0,2020.8333,2018,2025,-122.0962,47.1395,3.1667,6,166.5,106.4007,54947.5,3.1667,3.99,0.6666666666666666,0.3333333333333333,5,0.5229318311214218,4.698982925059417,155,Low
Pierce,Spanaway,664,168.5331,83.8693,6.0,330.0,57838.5526,14342.5701,31950.0,69900.0,2021.2967,2011,2026,-122.4105,47.0651,2.7033,664,168.5331,83.8693,57838.5526,2.7033,267.18,0.7620481927710844,0.23795180722891565,28,0.5467501897576263,5.0197330546553935,155,Very High
Pierce,Steilacoom,219,166.9772,84.8047,6.0,330.0,66980.7143,13349.5266,39995.0,110950.0,2021.3014,2010,2026,-122.598,47.173,2.6986,219,166.9772,84.8047,66980.7143,2.6986,89.13,0.7488584474885844,0.2511415525114155,21,0.5082962226890935,5.194765215098751,155,Very High
Pierce,Sumner,279,184.4409,71.1184,14.0,322.0,51948.125,14062.3068,34995.0,69900.0,2021.9534,2011,2026,-122.2397,47.2022,2.0466,279,184.4409,71.1184,51948.125,2.0466,113.29,0.8458781362007168,0.15412186379928317,26,0.41443185205773264,4.83530673794331,155,Very High
Pierce,Tacoma,5569,167.7285,82.0061,1.0,337.0,58605.6188,21772.1369,31950.0,184400.0,2021.3489,2011,2026,-122.4542,47.2392,2.6511,5569,167.7285,82.0061,58605.6188,2.6511,2229.18,0.7712336146525408,0.22876638534745916,37,0.38677824395899524,5.045677298440714,155,Very High
Pierce,University Place,971,168.243,83.1409,6.0,330.0,57385.6494,16727.3467,31950.0,110950.0,2021.4439,2010,2026,-122.5345,47.2221,2.5561,971,168.243,83.1409,57385.6494,2.5561,390.0,0.7641606591143152,0.23583934088568487,31,0.4341642200826799,5.127131667901647,155,Very High
Pierce,Vaughn,36,184.9722,88.7927,14.0,322.0,69900.0,0.0,69900.0,69900.0,2021.2222,2013,2025,-122.7636,47.3435,2.7778,36,184.9722,88.7927,69900.0,2.7778,15.96,0.8055555555555556,0.19444444444444445,12,0.5051767413490066,5.346904511023172,155,Medium
Pierce,Wilkeson,6,150.3333,102.2187,12.0,220.0,36800.0,,36800.0,36800.0,2020.5,2017,2023,-122.0473,47.1096,3.5,6,150.3333,102.2187,36800.0,3.5,4.1,0.6666666666666666,0.3333333333333333,5,0.5724706105993521,4.653819327176341,155,Low
Pima,Tucson,1,215.0,,215.0,215.0,,,,,2023.0,2023,2023,-110.9369,32.3057,1.0,1,215.0,0.0,,1.0,,1.0,0.0,1,19.077627821351378,16.668116222896934,156,Low
Pinal,Apache Junction,1,32.0,,32.0,32.0,39995.0,,39995.0,39995.0,2020.0,2020,2020,-111.5461,33.4231,4.0,1,32.0,0.0,39995.0,4.0,1.56,0.0,1.0,1,17.818476972233068,15.402219921167212,157,Low
Placer,Roseville,3,257.3333,69.0386,215.0,337.0,69900.0,,69900.0,69900.0,2020.3333,2019,2022,-121.3052,38.79,3.6667,3,257.3333,69.0386,69900.0,3.6667,2.77,1.0,0.0,2,8.875804529731376,9.680072627826714,158,Low
Platte,Kansas City,1,18.0,,18.0,18.0,,,,,2021.0,2021,2021,-94.6727,39.2385,3.0,1,18.0,0.0,,3.0,,0.0,1.0,1,28.897418771405857,24.261370797628064,159,Low
Polk,Salem,2,182.0,197.9899,42.0,322.0,,,,,2021.0,2020,2022,-123.0566,44.9473,3.0,2,182.0,197.9899,,3.0,,0.5,0.5,2,2.755839157135268,6.249471066418343,160,Low
Portsmouth,Portsmouth,2,29.0,18.3848,16.0,42.0,53400.0,,53400.0,53400.0,2020.0,2019,2021,-76.3439,36.8298,4.0,2,29.0,18.3848,53400.0,4.0,1.87,0.0,1.0,2,47.233942628156704,42.48536432008086,161,Low
Prince George,Fort Gregg Adams,1,220.0,,220.0,220.0,,,,,2019.0,2019,2019,-77.345,37.2429,5.0,1,220.0,0.0,,5.0,,1.0,0.0,1,46.165324143777,41.41228723229376,162,Low
Prince George,Fort Lee,1,215.0,,215.0,215.0,,,,,2023.0,2023,2023,-77.345,37.2429,1.0,1,215.0,0.0,,1.0,,1.0,0.0,1,46.165324143777,41.41228723229376,162,Low
Prince George'S,Fort Washington,1,215.0,,215.0,215.0,,,,,2023.0,2023,2023,-77.0006,38.7406,1.0,1,215.0,0.0,,1.0,,1.0,0.0,1,46.19029936696664,41.39743055311524,163,Low
Prince George'S,Upper Marlboro,4,117.0,113.6574,6.0,215.0,,,,,2019.75,2013,2023,-76.7823,38.8543,4.25,4,117.0,113.6574,,4.25,,0.5,0.5,4,46.38297137581851,41.58641088071919,163,Low
Prince William,Dumfries,1,38.0,,38.0,38.0,,,,,2014.0,2014,2014,-77.3269,38.5673,10.0,1,38.0,0.0,,10.0,,0.0,1.0,1,45.90391857183872,41.11682372289962,164,Low
Prince William,Manassas,3,58.0,42.6732,29.0,107.0,,,,,2017.6667,2014,2022,-77.4498,38.7801,6.3333,3,58.0,42.6732,,6.3333,,0.3333333333333333,0.6666666666666666,3,45.74189430379988,40.95030989052464,164,Low
Prince William,Woodbridge,1,34.0,,34.0,34.0,,,,,2023.0,2023,2023,-77.2474,38.6617,1.0,1,34.0,0.0,,1.0,,0.0,1.0,1,45.963401248602125,41.17362877340301,164,Low
Providence,Providence,1,84.0,,84.0,84.0,,,,,2015.0,2015,2015,-71.4467,41.815,9.0,1,84.0,0.0,,9.0,,1.0,0.0,1,51.21388415849748,46.34917504044705,165,Low
Pulaski,Saint Robert,1,215.0,,215.0,215.0,,,,,2023.0,2023,2023,-92.1415,37.8225,1.0,1,215.0,0.0,,1.0,,1.0,0.0,1,31.736305929487134,27.13040246549985,166,Low
Pulaski,Waynesville,1,322.0,,322.0,322.0,,,,,2020.0,2020,2020,-92.2119,37.8227,4.0,1,322.0,0.0,,4.0,,1.0,0.0,1,31.66928038794061,27.064731700499088,166,Low
Richmond,Augusta,1,38.0,,38.0,38.0,,,,,2013.0,2013,2013,-82.0655,33.481,11.0,1,38.0,0.0,,11.0,,0.0,1.0,1,42.67224332748397,38.09691553249423,167,Low
Riverside,Cathedral City,1,215.0,,215.0,215.0,,,,,2021.0,2021,2021,-116.4644,33.781,3.0,1,215.0,0.0,,3.0,,1.0,0.0,1,15.018856758422062,13.911074990812176,168,Low
Riverside,Menifee,1,215.0,,215.0,215.0,,,,,2022.0,2022,2022,-117.1742,33.7464,2.0,1,215.0,0.0,,2.0,,1.0,0.0,1,14.788441041908372,13.914678472749557,168,Low
Riverside,Moreno Valley,1,215.0,,215.0,215.0,,,,,2021.0,2021,2021,-117.2292,33.9475,3.0,1,215.0,0.0,,3.0,,1.0,0.0,1,14.58079812973213,13.71271227474711,168,Low
Riverside,Murrieta,1,215.0,,215.0,215.0,,,,,2024.0,2024,2024,-117.1595,33.5502,0.0,1,215.0,0.0,,0.0,,1.0,0.0,1,14.977547421390465,14.111116759845766,168,Low
Riverside,Palm Springs,1,215.0,,215.0,215.0,,,,,2023.0,2023,2023,-116.5455,33.7724,1.0,1,215.0,0.0,,1.0,,1.0,0.0,1,14.99529132761348,13.914287089534987,168,Low
Riverside,Riverside,2,252.0,52.3259,215.0,289.0,,,,,2021.0,2019,2023,-117.4881,33.9136,3.0,2,252.0,52.3259,,3.0,,1.0,0.0,2,14.524174013003284,13.745340281346254,168,Low
Riverside,Temecula,1,42.0,,42.0,42.0,,,,,2021.0,2021,2021,-117.1546,33.5361,3.0,1,42.0,0.0,,3.0,,0.0,1.0,1,14.992472119700608,14.125307545324457,168,Low
Riverside,Wildomar,1,215.0,,215.0,215.0,,,,,2018.0,2018,2018,-117.2624,33.6124,6.0,1,215.0,0.0,,6.0,,1.0,0.0,1,14.883826676295312,14.04735270148792,168,Low
Riverside,Winchester,1,42.0,,42.0,42.0,,,,,2023.0,2023,2023,-117.085,33.7107,1.0,1,42.0,0.0,,1.0,,0.0,1.0,1,14.853180759015894,13.952267722847061,168,Low
Rockingham,Epping,2,215.0,0.0,215.0,215.0,,,,,2024.0,2022,2026,-71.0734,43.0346,0.0,2,215.0,0.0,,0.0,,1.0,0.0,1,51.46215942078217,46.5826872603975,169,Low
Rockingham,Portsmouth,2,261.5,65.7609,215.0,308.0,,,,,2022.0,2020,2024,-70.7651,43.075,2.0,2,261.5,65.7609,,2.0,,1.0,0.0,2,51.76569580755193,46.88550747565819,169,Low
Sacramento,Folsom,1,215.0,,215.0,215.0,,,,,2022.0,2022,2022,-121.1628,38.6818,2.0,1,215.0,0.0,,2.0,,1.0,0.0,1,9.000676521795457,9.723692880793797,170,Low
Sacramento,Sacramento,1,215.0,,215.0,215.0,,,,,2022.0,2022,2022,-121.4984,38.6244,2.0,1,215.0,0.0,,2.0,,1.0,0.0,1,9.020409465761517,9.909834767542796,170,Low
Saginaw,Saginaw,1,25.0,,25.0,25.0,,,,,2022.0,2022,2022,-84.0247,43.4448,2.0,1,25.0,0.0,,2.0,,0.0,1.0,1,38.53276715627882,33.66607547205347,171,Low
Salt Lake,Salt Lake City,2,29.0,11.3137,21.0,37.0,,,,,2023.0,2023,2023,-111.9383,40.6589,1.0,2,29.0,11.3137,,1.0,,0.0,1.0,2,12.501842093467664,8.894574261874482,172,Low
San Bernardino,Barstow,1,32.0,,32.0,32.0,,,,,2024.0,2024,2024,-117.0255,34.8931,0.0,1,32.0,0.0,,0.0,,0.0,1.0,1,13.776172007128835,12.771980924664742,173,Low
San Bernardino,Fort Irwin,3,215.0,0.0,215.0,215.0,,,,,2022.3333,2021,2023,-116.7639,35.1582,1.6667,3,215.0,0.0,,1.6667,,1.0,0.0,1,13.63662550780067,12.518121934619424,173,Low
San Bernardino,Helendale,1,215.0,,215.0,215.0,,,,,2024.0,2024,2024,-117.3221,34.7449,0.0,1,215.0,0.0,,0.0,,1.0,0.0,1,13.802649661930854,12.914317961859231,173,Low
San Bernardino,Rancho Cucamonga,1,215.0,,215.0,215.0,,,,,2024.0,2024,2024,-117.5344,34.1094,0.0,1,215.0,0.0,,0.0,,1.0,0.0,1,14.324159156125008,13.549833612262548,173,Low
San Diego,Chula Vista,5,225.2,22.8079,215.0,266.0,,,,,2020.2,2018,2021,-116.9716,32.6208,3.8,5,225.2,22.8079,,3.8,,1.0,0.0,1,15.915312545156,15.04486368698633,174,Low
San Diego,Coronado,2,215.0,0.0,215.0,215.0,,,,,2022.5,2022,2023,-117.1742,32.6799,1.5,2,215.0,0.0,,1.5,,1.0,0.0,1,15.79235144302456,14.981016268931821,174,Low
San Diego,Encinitas,1,215.0,,215.0,215.0,,,,,2022.0,2022,2022,-117.2926,33.0459,2.0,1,215.0,0.0,,2.0,,1.0,0.0,1,15.407754422367978,14.613508886301055,174,Low
San Diego,Escondido,1,215.0,,215.0,215.0,,,,,2024.0,2024,2024,-117.0602,33.1421,0.0,1,215.0,0.0,,0.0,,1.0,0.0,1,15.394905599580664,14.52130808605065,174,Low
San Diego,Fallbrook,1,215.0,,215.0,215.0,,,,,2021.0,2021,2021,-117.2532,33.3847,3.0,1,215.0,0.0,,3.0,,1.0,0.0,1,15.101201523719888,14.27514590643472,174,Low
San Diego,La Mesa,1,32.0,,32.0,32.0,39995.0,,39995.0,39995.0,2021.0,2021,2021,-117.0244,32.766,3.0,1,32.0,0.0,39995.0,3.0,1.66,0.0,1.0,1,15.760812648147304,14.898213798976037,174,Low
San Diego,Lakeside,1,32.0,,32.0,32.0,39995.0,,39995.0,39995.0,2023.0,2023,2023,-116.9046,32.854,1.0,1,32.0,0.0,39995.0,1.0,1.86,0.0,1.0,1,15.718942747207905,14.813978567555713,174,Low
San Diego,National City,2,215.0,0.0,215.0,215.0,,,,,2023.0,2023,2023,-117.1056,32.6722,1.0,2,215.0,0.0,,1.0,,1.0,0.0,2,15.822157193315965,14.990024540340157,174,Low
San Diego,Oceanside,3,107.6667,122.5003,32.0,249.0,54947.5,21146.0283,39995.0,69900.0,2019.6667,2018,2021,-117.3028,33.2408,4.3333,3,107.6667,122.5003,54947.5,4.3333,2.59,0.3333333333333333,0.6666666666666666,3,15.22033428180866,14.418526354659132,174,Low
San Diego,San Diego,17,169.6471,83.6406,14.0,215.0,59931.6667,17265.6598,39995.0,69900.0,2020.9412,2016,2024,-117.1628,32.7308,3.0588,17,169.6471,83.6406,59931.6667,3.0588,8.33,0.7647058823529411,0.23529411764705882,8,15.747989955864206,14.930320098376992,174,Medium
San Francisco,San Francisco,4,185.75,114.8952,22.0,291.0,,,,,2021.75,2018,2025,-122.4548,37.7369,2.25,4,185.75,114.8952,,2.25,,0.75,0.25,4,9.870062703954826,11.123530422037783,175,Low
San Juan,Anacortes,15,203.7333,92.2353,25.0,330.0,69900.0,0.0,69900.0,69900.0,2020.5333,2011,2023,-122.6121,48.5175,3.4667,15,203.7333,92.2353,69900.0,3.4667,7.53,0.8666666666666667,0.13333333333333333,7,0.9533455249803165,5.256709893079506,176,Medium
San Juan,Deer Harbor,1,238.0,,238.0,238.0,,,,,2017.0,2017,2017,-123.0003,48.6199,7.0,1,238.0,0.0,,7.0,,1.0,0.0,1,1.2141165224145491,5.656547860665543,176,Low
San Juan,Eastsound,359,144.2451,82.922,12.0,291.0,52844.5161,17840.1566,31950.0,81100.0,2019.4735,2011,2025,-122.9111,48.6939,4.5265,359,144.2451,82.922,52844.5161,4.5265,144.98,0.766016713091922,0.233983286908078,24,1.2322062692585218,5.5819131146946415,176,Very High
San Juan,Friday Harbor,550,159.62,83.8799,6.0,330.0,64672.069,14262.9399,32250.0,109000.0,2019.8564,2000,2026,-123.0165,48.5345,4.1436,550,159.62,83.8799,64672.069,4.1436,221.38,0.7945454545454546,0.20545454545454545,30,1.1533187980779622,5.658669520302445,176,Very High
San Juan,Lopez Is,2,54.5,41.7193,25.0,84.0,,,,,2016.0,2015,2017,-122.914,48.5234,8.0,2,54.5,41.7193,,8.0,,0.5,0.5,2,1.0862151950695624,5.555688720581815,176,Low
San Juan,Lopez Island,178,141.8652,86.3354,6.0,322.0,63266.25,11312.4001,39995.0,81100.0,2020.4775,2012,2026,-122.9139,48.5234,3.5225,178,141.8652,86.3354,63266.25,3.5225,72.62,0.7134831460674157,0.28651685393258425,25,1.0861616270150605,5.555589938971375,176,Very High
San Juan,Olga,59,127.7627,81.1555,16.0,259.0,56022.7273,14863.3166,31950.0,81100.0,2019.2373,2012,2025,-122.8357,48.6236,4.7627,59,127.7627,81.1555,56022.7273,4.7627,24.9,0.7457627118644068,0.2542372881355932,16,1.135216155628526,5.495060794022211,176,High
San Juan,Orcas,7,160.5714,108.8973,29.0,322.0,,,,,2020.1429,2013,2025,-122.9409,48.5982,3.8571,7,160.5714,108.8973,,3.8571,,0.7142857142857143,0.2857142857142857,6,1.1639164231163668,5.594335918587654,176,Low
San Juan,Orcas Is,12,163.5,78.1322,35.0,259.0,52900.0,,52900.0,52900.0,2020.8333,2014,2024,-122.9197,48.6757,3.1667,12,163.5,78.1322,52900.0,3.1667,6.34,0.8333333333333334,0.16666666666666666,8,1.2202884945782313,5.5870229371285065,176,Medium
San Juan,San Juan Is,2,212.5,3.5355,210.0,215.0,69900.0,,69900.0,69900.0,2020.5,2017,2024,-123.0165,48.5345,3.5,2,212.5,3.5355,69900.0,3.5,2.17,1.0,0.0,1,1.1533187980779622,5.658669520302445,176,Low
San Juan,Shaw Island,17,142.2941,84.5094,16.0,238.0,,,,,2020.6471,2014,2025,-122.9299,48.5835,3.3529,17,142.2941,84.5094,,3.3529,,0.6470588235294118,0.35294117647058826,12,1.1456352517271835,5.581038012771461,176,Medium
San Juan,Waldron,5,141.6,88.0982,73.0,238.0,,,,,2014.6,2011,2017,-123.036,48.6884,9.4,5,141.6,88.0982,,9.4,,1.0,0.0,2,1.2909810416888416,5.703698463278016,176,Low
San Luis Obispo,Arroyo Grande,1,42.0,,42.0,42.0,,,,,2024.0,2024,2024,-120.5768,35.1244,0.0,1,42.0,0.0,,0.0,,0.0,1.0,1,12.604618571380888,12.924346173017804,177,Low
San Mateo,Pacifica,1,215.0,,215.0,215.0,,,,,2023.0,2023,2023,-122.492,37.6353,1.0,1,215.0,0.0,,1.0,,1.0,0.0,1,9.972182049080331,11.230979843718,178,Low
San Mateo,Redwood City,1,215.0,,215.0,215.0,,,,,2023.0,2023,2023,-122.2277,37.4845,1.0,1,215.0,0.0,,1.0,,1.0,0.0,1,10.122238401164047,11.250453474416043,178,Low
San Mateo,San Carlos,1,18.0,,18.0,18.0,184400.0,,184400.0,184400.0,2022.0,2022,2022,-122.2628,37.5049,2.0,1,18.0,0.0,184400.0,2.0,1.34,0.0,1.0,1,10.101537713635487,11.24705825760674,178,Low
San Mateo,San Mateo,1,215.0,,215.0,215.0,,,,,2024.0,2024,2024,-122.3299,37.5565,0.0,1,215.0,0.0,,0.0,,1.0,0.0,1,10.049700240803206,11.229634922828076,178,Low
Santa Clara,Cupertino,2,118.5,136.4716,22.0,215.0,,,,,2022.5,2022,2023,-122.0293,37.3191,1.5,2,118.5,136.4716,,1.5,,0.5,0.5,2,10.291555482530327,11.318116759426015,179,Low
Santa Clara,Morgan Hill,1,42.0,,42.0,42.0,,,,,2023.0,2023,2023,-121.6619,37.1261,1.0,1,42.0,0.0,,1.0,,0.0,1.0,1,10.501507703658556,11.352559980022125,179,Low
Santa Clara,Mountain View,2,215.0,0.0,215.0,215.0,,,,,2023.0,2022,2024,-122.0761,37.3787,1.0,2,215.0,0.0,,1.0,,1.0,0.0,1,10.230703409345809,11.282902375718754,179,Low
Santa Clara,Palo Alto,1,215.0,,215.0,215.0,,,,,2021.0,2021,2021,-122.1257,37.4472,3.0,1,215.0,0.0,,3.0,,1.0,0.0,1,10.161096493981345,11.241172298741795,179,Low
Santa Clara,San Jose,4,136.0,93.8474,30.0,215.0,,,,,2020.25,2015,2022,-121.934,37.3279,3.75,4,136.0,93.8474,,3.75,,0.75,0.25,4,10.286006732449675,11.271626271749785,179,Low
Santa Clara,Santa Clara,3,146.6667,118.3568,10.0,215.0,,,,,2021.0,2019,2023,-121.9734,37.355,3.0,3,146.6667,118.3568,,3.0,,0.6666666666666666,0.3333333333333333,2,10.257473720658517,11.26264361506658,179,Low
Santa Clara,Sunnyvale,2,215.0,0.0,215.0,215.0,,,,,2023.0,2023,2023,-122.0299,37.3822,1.0,2,215.0,0.0,,1.0,,1.0,0.0,1,10.228465224069547,11.260746101835348,179,Low
Santa Cruz,Rio Rico,1,215.0,,215.0,215.0,,,,,2022.0,2022,2022,-110.9823,31.4752,2.0,1,215.0,0.0,,2.0,,1.0,0.0,1,19.7237704569892,17.419247361754756,180,Low
Sarasota,Sarasota,1,220.0,,220.0,220.0,,,,,2019.0,2019,2019,-82.559,27.2734,5.0,1,220.0,0.0,,5.0,,1.0,0.0,1,44.66902998107302,40.38901115600629,181,Low
Saratoga,Greenfield Center,1,200.0,,200.0,200.0,,,,,2016.0,2016,2016,-73.8464,43.1284,8.0,1,200.0,0.0,,8.0,,1.0,0.0,1,48.692030121263166,43.814450359670154,182,Low
Saratoga,Saratoga Springs,1,42.0,,42.0,42.0,,,,,2023.0,2023,2023,-73.7844,43.0841,1.0,1,42.0,0.0,,1.0,,0.0,1.0,1,48.75785643052819,43.880714791921974,182,Low
Sarpy,Bellevue,2,128.5,122.3295,42.0,215.0,,,,,2023.5,2023,2024,-95.9609,41.1316,0.5,2,128.5,122.3295,,0.5,,0.5,0.5,2,27.154385181771286,22.43557126194919,183,Low
Sedgwick,Derby,1,21.0,,21.0,21.0,,,,,2017.0,2017,2017,-97.2701,37.5453,7.0,1,21.0,0.0,,7.0,,0.0,1.0,1,27.006028082818844,22.550902134061072,184,Low
Shelby,Arlington,1,215.0,,215.0,215.0,,,,,2024.0,2024,2024,-89.6746,35.2917,0.0,1,215.0,0.0,,0.0,,1.0,0.0,1,34.90213770673653,30.382319930676793,185,Low
Shelby,Memphis,1,21.0,,21.0,21.0,,,,,2022.0,2022,2022,-90.0414,35.1505,2.0,1,21.0,0.0,,2.0,,0.0,1.0,1,34.609735176392206,30.106044011958797,185,Low
Skagit,Anacortes,935,163.2385,84.5084,6.0,330.0,63301.4865,18588.4415,31950.0,184400.0,2021.0791,2011,2026,-122.6121,48.5175,2.9209,935,163.2385,84.5084,63301.4865,2.9209,375.52,0.7401069518716578,0.25989304812834224,29,0.9533455249803165,5.256709893079506,186,Very High
Skagit,Bellingham,14,197.3571,55.5429,53.0,238.0,69900.0,,69900.0,69900.0,2021.2143,2015,2025,-122.4549,48.7449,2.7857,14,197.3571,55.5429,69900.0,2.7857,7.11,0.9285714285714286,0.07142857142857142,8,1.1453023749211384,5.144846782946984,186,Medium
Skagit,Bow,153,165.183,83.96,16.0,291.0,55948.1818,18859.9127,39995.0,102000.0,2021.1895,2011,2026,-122.397,48.5605,2.8105,153,165.183,83.96,55948.1818,2.8105,62.77,0.738562091503268,0.26143790849673204,23,0.9565043125882885,5.05211875256313,186,Very High
Skagit,Burlington,363,183.7438,71.7399,6.0,322.0,54389.5455,15610.3199,31950.0,81100.0,2022.2424,2011,2026,-122.3303,48.4685,1.7576,363,183.7438,71.7399,54389.5455,1.7576,146.9,0.8402203856749312,0.15977961432506887,25,0.8623018786944604,4.97069135835247,186,Very High
Skagit,Clearlake,3,151.3333,114.6313,19.0,220.0,,,,,2018.6667,2014,2023,-122.2345,48.4638,5.3333,3,151.3333,114.6313,,5.3333,,0.6666666666666666,0.3333333333333333,3,0.863135864160444,4.875417648776354,186,Low
Skagit,Concrete,53,180.6792,77.5844,16.0,308.0,,,,,2021.1509,2015,2026,-121.7515,48.5389,2.8491,53,180.6792,77.5844,,2.8491,,0.8301886792452831,0.16981132075471697,12,1.0986471908670221,4.414128029407385,186,High
Skagit,Darrington,16,216.0,6.121,208.0,238.0,69900.0,,69900.0,69900.0,2023.1875,2015,2025,-121.6042,48.2543,0.8125,16,216.0,6.121,69900.0,0.8125,8.05,1.0,0.0,6,0.9746137799148883,4.22042361499412,186,Medium
Skagit,Hamilton,2,215.0,0.0,215.0,215.0,,,,,2023.5,2023,2024,-121.9874,48.5179,0.5,2,215.0,0.0,,0.5,,1.0,0.0,2,0.974687119028458,4.641597006419226,186,Low
Skagit,La Conner,136,162.7721,84.3429,6.0,259.0,63650.0,16233.7355,31950.0,81100.0,2021.3971,2013,2026,-122.4972,48.3887,2.6029,136,162.7721,84.3429,63650.0,2.6029,55.95,0.7279411764705882,0.27205882352941174,21,0.7997276161293928,5.123458153435045,186,Very High
Skagit,Lyman,2,226.5,16.2635,215.0,238.0,,,,,2020.5,2017,2024,-122.0598,48.5252,3.5,2,226.5,16.2635,,3.5,,1.0,0.0,1,0.9584927177605447,4.71410133535544,186,Low
Skagit,Marblemount,1,42.0,,42.0,42.0,,,,,2021.0,2021,2021,-121.416,48.5274,3.0,1,42.0,0.0,,3.0,,0.0,1.0,1,1.2991722941934984,4.0834502519315645,186,Low
Skagit,Mount Vernon,969,174.9567,80.3616,6.0,330.0,59601.1333,13697.8153,31950.0,69900.0,2021.2446,2011,2026,-122.3319,48.4161,2.7554,969,174.9567,80.3616,59601.1333,2.7554,389.17,0.7915376676986584,0.2084623323013416,33,0.8099000246944053,4.964006255032323,186,Very High
Skagit,Rockport,1,259.0,,259.0,259.0,,,,,2020.0,2020,2020,-121.5927,48.4876,4.0,1,259.0,0.0,,4.0,,1.0,0.0,1,1.1504687392537025,4.24832888675064,186,Low
Skagit,Sedro Woolley,19,160.6316,85.3165,21.0,238.0,39995.0,,39995.0,39995.0,2021.5263,2012,2025,-122.2386,48.5086,2.4737,19,160.6316,85.3165,39995.0,2.4737,9.34,0.6842105263157895,0.3157894736842105,11,0.9072309573642197,4.887052158510285,186,Medium
Skagit,Sedro-Woolley,273,156.63,90.3135,12.0,322.0,52411.3043,14532.3061,31950.0,69900.0,2021.0513,2012,2026,-122.2386,48.5086,2.9487,273,156.63,90.3135,52411.3043,2.9487,110.78,0.6959706959706959,0.304029304029304,19,0.9072309573642197,4.887052158510285,186,Very High
Skagit,Stanwood,1,215.0,,215.0,215.0,,,,,2025.0,2025,2025,-122.3726,48.2416,-1.0,1,215.0,0.0,,-1.0,,1.0,0.0,1,0.6366894140787932,4.980813929469765,186,Low
Skamania,Bingen,5,207.0,101.973,38.0,308.0,,,,,2019.4,2014,2022,-121.4662,45.7151,4.6,5,207.0,101.973,,4.6,,0.8,0.2,3,2.079913945335239,4.48343459080201,187,Low
Skamania,Carson,26,171.2692,92.062,18.0,308.0,67425.0,3500.1786,64950.0,69900.0,2020.6923,2013,2025,-121.8205,45.7256,3.3077,26,171.2692,92.062,67425.0,3.3077,11.89,0.7307692307692307,0.2692307692307692,11,1.9489461049500587,4.800926211680403,187,Medium
Skamania,North Bonneville,18,182.2222,71.6007,30.0,239.0,69900.0,,69900.0,69900.0,2021.3333,2015,2025,-121.97,45.6412,2.6667,18,182.2222,71.6007,69900.0,2.6667,8.73,0.8333333333333334,0.16666666666666666,8,1.9980844351528322,4.971784967192364,187,Medium
Skamania,Stevenson,64,171.2969,81.7382,6.0,289.0,61186.25,14318.9125,39995.0,69900.0,2021.2656,2012,2026,-121.8826,45.6942,2.7344,64,171.2969,81.7382,61186.25,2.7344,27.16,0.765625,0.234375,17,1.9641268416270872,4.870414430004899,187,High
Skamania,Underwood,39,143.3846,94.3425,17.0,291.0,54538.0,14980.5109,39995.0,69900.0,2021.8205,2013,2025,-121.5236,45.729,2.1795,39,143.3846,94.3425,54538.0,2.1795,17.22,0.5897435897435898,0.41025641025641024,14,2.043906086394382,4.5292884430117715,187,Medium
Skamania,Washougal,91,168.9231,82.3736,14.0,266.0,68250.0,2857.8838,64950.0,69900.0,2021.5714,2013,2025,-122.3534,45.5792,2.4286,91,168.9231,82.3736,68250.0,2.4286,37.95,0.7472527472527473,0.25274725274725274,17,2.027111908602977,5.348271395507142,187,High
Skamania,White Salmon,7,185.7143,70.7571,32.0,238.0,39995.0,,39995.0,39995.0,2022.1429,2018,2024,-121.487,45.7278,1.8571,7,185.7143,70.7571,39995.0,1.8571,4.63,0.8571428571428571,0.14285714285714285,7,2.059752550672046,4.496719026134492,187,Low
Snohomish,Arlington,872,176.0229,79.9948,1.0,337.0,61453.6957,13356.6559,31950.0,69900.0,2021.3956,2011,2026,-122.1264,48.1947,2.6044,872,176.0229,79.9948,61453.6957,2.6044,350.38,0.7981651376146789,0.2018348623853211,30,0.6234137791226568,4.7308507659827965,188,Very High
Snohomish,Bothell,6516,191.3077,65.533,6.0,337.0,61353.3811,18610.5374,31950.0,184400.0,2022.215,2011,2026,-122.1993,47.8211,1.785,6516,191.3077,65.533,61353.3811,1.785,2608.06,0.8764579496623696,0.12354205033763045,36,0.25262195074854615,4.776058435572153,188,Very High
Snohomish,Brier,341,170.4721,80.1305,16.0,330.0,55938.4,18078.3945,31950.0,109000.0,2021.5806,2011,2026,-122.2924,47.8256,2.4194,341,170.4721,80.1305,55938.4,2.4194,138.02,0.7888563049853372,0.21114369501466276,28,0.22296288928877786,4.869257766847016,188,Very High
Snohomish,Darrington,10,211.4,72.9005,25.0,293.0,,,,,2021.8,2018,2026,-121.6042,48.2543,2.2,10,211.4,72.9005,,2.2,,0.9,0.1,5,0.9746137799148883,4.22042361499412,188,Low
Snohomish,Edmonds,2641,171.7997,79.7621,6.0,337.0,60903.0193,15625.6652,31950.0,184400.0,2021.485,2010,2026,-122.3397,47.849,2.515,2641,171.7997,79.7621,60903.0193,2.515,1057.98,0.7955319954562665,0.20446800454373343,34,0.24291891651330438,4.917379762637813,188,Very High
Snohomish,Everett,3937,176.5847,77.525,6.0,330.0,55348.4034,18713.2585,31950.0,184400.0,2021.5966,2011,2026,-122.2158,47.9179,2.4034,3937,176.5847,77.525,55348.4034,2.4034,1576.43,0.8117856235712472,0.18821437642875286,35,0.3326899156872659,4.796802773723347,188,Very High
Snohomish,Gold Bar,101,171.9901,82.5563,6.0,291.0,57479.0,18941.3441,31950.0,81100.0,2021.1188,2013,2026,-121.6974,47.8556,2.8812,101,171.9901,82.5563,57479.0,2.8812,41.97,0.7722772277227723,0.22772277227722773,21,0.6819416763917531,4.275931266987344,188,Very High
Snohomish,Granite Falls,206,173.3398,78.3471,14.0,308.0,61590.8333,13058.2842,31950.0,69900.0,2021.1505,2011,2026,-121.9693,48.0816,2.8495,206,173.3398,78.3471,61590.8333,2.8495,83.94,0.7961165048543689,0.20388349514563106,20,0.5980209026447113,4.562930498046186,188,Very High
Snohomish,Index,8,173.75,91.4201,17.0,259.0,,,,,2022.125,2020,2024,-121.6852,47.8413,1.875,8,173.75,91.4201,,1.875,,0.75,0.25,6,0.6882961717167987,4.2631081255346945,188,Low
Snohomish,Lake Stevens,2129,184.3152,72.7695,6.0,337.0,63346.8898,23259.7864,31950.0,184400.0,2021.8333,2011,2026,-122.064,48.015,2.1667,2129,184.3152,72.7695,63346.8898,2.1667,853.21,0.8435885392202912,0.15641146077970877,33,0.4888711998062492,4.651658031283031,188,Very High
Snohomish,Lynnwood,4094,188.542,67.7433,1.0,337.0,57888.342,14661.9187,31950.0,102000.0,2022.0056,2011,2026,-122.2833,47.8415,1.9944,4094,188.542,67.7433,57888.342,1.9944,1639.26,0.8683439179286762,0.1316560820713239,34,0.24030715761292062,4.860734777788226,188,Very High
Snohomish,Martha Lake,1,215.0,,215.0,215.0,,,,,2023.0,2023,2023,-122.2798,47.8573,1.0,1,215.0,0.0,,1.0,,1.0,0.0,1,0.25648879117809564,4.857857211775571,188,Low
Snohomish,Marysville,2046,184.2854,72.8511,6.0,330.0,59128.6239,14632.305,31950.0,102000.0,2021.7082,2011,2026,-122.1743,48.0754,2.2918,2046,184.2854,72.8511,59128.6239,2.2918,820.02,0.841642228739003,0.15835777126099707,33,0.49502472665514297,4.766540511733852,188,Very High
Snohomish,Mill Creek,1000,183.586,74.0628,6.0,337.0,60351.8056,19080.0737,31950.0,184400.0,2021.991,2011,2026,-122.2106,47.8345,2.009,1000,183.586,74.0628,60351.8056,2.009,401.65,0.835,0.165,31,0.2586177488108621,4.787824939364427,188,Very High
Snohomish,Monroe,1146,181.1065,75.8085,6.0,322.0,63497.1,21929.1995,31950.0,184400.0,2021.8386,2011,2026,-121.9809,47.8526,2.1614,1146,181.1065,75.8085,63497.1,2.1614,460.01,0.8211169284467714,0.17888307155322863,35,0.4290156174313409,4.559020996880803,188,Very High
Snohomish,Mountlake Terrace,668,175.0539,77.2737,6.0,337.0,56625.5,14054.681,32250.0,69900.0,2021.4222,2011,2026,-122.3111,47.788,2.5778,668,175.0539,77.2737,56625.5,2.5778,268.8,0.8218562874251497,0.1781437125748503,29,0.18300885224490754,4.886808227258355,188,Very High
Snohomish,Mukilteo,1081,181.173,72.8744,6.0,330.0,63418.6184,12227.3133,36900.0,110950.0,2021.7539,2010,2026,-122.292,47.8991,2.2461,1081,181.173,72.8744,63418.6184,2.2461,434.0,0.8353376503237743,0.16466234967622573,35,0.29563223775494657,4.8719298116865355,188,Very High
Snohomish,Shoreline,3,216.6667,2.8868,215.0,220.0,,,,,2022.0,2019,2024,-122.365,47.7224,2.0,3,216.6667,2.8868,,2.0,,1.0,0.0,3,0.12076775231823964,4.939409474825906,188,Low
Snohomish,Snohomish,2887,181.6865,75.8485,1.0,337.0,62461.6827,17728.5071,31950.0,184400.0,2021.6955,2008,2026,-122.1182,47.8898,2.3045,2887,181.6865,75.8485,62461.6827,2.3045,1156.4,0.8264634568756495,0.17353654312435055,37,0.3552212972218838,4.697882697556421,188,Very High
Snohomish,Stanwood,650,174.3262,81.6086,6.0,330.0,64827.75,19474.0331,31950.0,184400.0,2021.3862,2012,2026,-122.3723,48.2414,2.6138,650,174.3262,81.6086,64827.75,2.6138,261.56,0.7876923076923077,0.2123076923076923,26,0.63647080058711,4.980492591099794,188,Very High
Snohomish,Startup,1,215.0,,215.0,215.0,,,,,2023.0,2023,2023,-121.8169,47.8623,1.0,1,215.0,0.0,,1.0,,1.0,0.0,1,0.5753418549001897,4.395613160868461,188,Low
Snohomish,Sultan,303,188.9043,69.9918,13.0,322.0,59682.5,13979.0765,31950.0,69900.0,2021.868,2012,2026,-121.8169,47.8623,2.132,303,188.9043,69.9918,59682.5,2.132,122.84,0.858085808580858,0.1419141914191419,23,0.5753418549001897,4.395613160868461,188,Very High
Snohomish,Tulalip,6,173.8333,99.6322,23.0,291.0,,,,,2021.6667,2016,2025,-122.1677,48.1103,2.3333,6,173.8333,99.6322,,2.3333,,0.8333333333333334,0.16666666666666666,5,0.5302302990210964,4.763147188571853,188,Low
Snohomish,Woodinville,258,184.1473,70.6242,12.0,322.0,56515.2,16286.4774,31950.0,81100.0,2021.5543,2011,2025,-122.1382,47.7544,2.4457,258,184.1473,70.6242,56515.2,2.4457,104.82,0.8604651162790697,0.13953488372093023,27,0.24405009731610117,4.71316965533811,188,Very High
Snohomish,Woodway,126,172.6825,81.9962,10.0,293.0,60703.2143,12607.6423,31950.0,69900.0,2021.5317,2014,2026,-122.3769,47.8112,2.4683,126,172.6825,81.9962,60703.2143,2.4683,51.99,0.7777777777777778,0.2222222222222222,23,0.20983812808924915,4.9532450545072,188,Very High
Solano,Benicia,1,215.0,,215.0,215.0,,,,,2022.0,2022,2022,-122.1535,38.0528,2.0,1,215.0,0.0,,2.0,,1.0,0.0,1,9.55506931005736,10.706282839996334,189,Low
Solano,Travis Afb,1,215.0,,215.0,215.0,,,,,2022.0,2022,2022,-121.933,38.2715,2.0,1,215.0,0.0,,2.0,,1.0,0.0,1,9.34322775597384,10.413186365853631,189,Low
Solano,Vacaville,1,215.0,,215.0,215.0,,,,,2021.0,2021,2021,-121.9926,38.3522,3.0,1,215.0,0.0,,3.0,,1.0,0.0,1,9.260225496714428,10.366611747335766,189,Low
Spokane,Airway Heights,42,158.7857,94.4268,15.0,322.0,184400.0,,184400.0,184400.0,2020.7857,2012,2025,-117.5931,47.6443,3.2143,42,158.7857,94.4268,184400.0,3.2143,18.09,0.7142857142857143,0.2857142857142857,12,4.7391531532542714,0.16772793446531675,190,Medium
Spokane,Chattaroy,60,155.6,86.8516,19.0,291.0,69900.0,0.0,69900.0,69900.0,2021.5833,2012,2025,-117.3579,47.9017,2.4167,60,155.6,86.8516,69900.0,2.4167,25.53,0.7,0.3,15,4.982969585498186,0.25226577254950694,190,High
Spokane,Cheney,243,165.3539,86.0068,13.0,330.0,55937.0588,15216.6957,31950.0,69900.0,2021.5885,2011,2026,-117.5743,47.4918,2.4115,243,165.3539,86.0068,55937.0588,2.4115,98.82,0.7448559670781894,0.2551440329218107,23,4.759175159625881,0.2233425396112396,190,Very High
Spokane,Colbert,187,163.2032,90.9361,17.0,322.0,62519.5,10416.8465,39995.0,69900.0,2022.0695,2013,2026,-117.3547,47.8369,1.9305,187,163.2032,90.9361,62519.5,1.9305,76.44,0.7058823529411765,0.29411764705882354,23,4.982743546481198,0.19184186195927452,190,Very High
Spokane,Deer Park,98,154.8061,91.1309,6.0,322.0,60412.5,18975.0,31950.0,69900.0,2021.5102,2013,2025,-117.463,47.9495,2.4898,98,154.8061,91.1309,60412.5,2.4898,40.77,0.6938775510204082,0.30612244897959184,17,4.881187324821701,0.29304520129154144,190,High
Spokane,Edwall,5,144.4,99.7036,19.0,220.0,,,,,2019.4,2013,2024,-117.8758,47.502,4.6,5,144.4,99.7036,,4.6,,0.6,0.4,4,4.457518068387384,0.4763468064341312,190,Low
Spokane,Elk,27,166.4074,82.2165,21.0,238.0,54947.5,21146.0283,39995.0,69900.0,2020.8148,2012,2025,-117.2782,48.0172,3.1852,27,166.4074,82.2165,54947.5,3.1852,12.34,0.7407407407407407,0.25925925925925924,12,5.070584405174613,0.3876795068094306,190,Medium
Spokane,Fairchild Air Force Base,25,146.56,92.1046,19.0,266.0,,,,,2020.8,2012,2025,-117.6446,47.6405,3.2,25,146.56,92.1046,,3.2,,0.68,0.32,10,4.687625490586892,0.2193646507530274,190,Medium
Spokane,Fairfield,4,122.25,107.3231,21.0,215.0,,,,,2021.25,2014,2024,-117.1712,47.3852,2.75,4,122.25,107.3231,,2.75,,0.5,0.5,4,5.165629662490332,0.3738716357254219,190,Low
Spokane,Greenacres,227,173.1718,78.4588,14.0,308.0,66256.25,7983.5638,45600.0,69900.0,2022.2775,2011,2026,-117.174,47.6567,1.7225,227,173.1718,78.4588,66256.25,1.7225,92.43,0.7797356828193832,0.22026431718061673,24,5.158347202350758,0.25200874984809085,190,Very High
Spokane,Latah,3,230.3333,30.9892,210.0,266.0,69900.0,,69900.0,69900.0,2018.3333,2017,2020,-117.1551,47.2797,5.6667,3,230.3333,30.9892,69900.0,5.6667,2.44,1.0,0.0,1,5.187285537735504,0.46594379489376125,190,Low
Spokane,Liberty Lake,388,168.7784,81.2428,1.0,322.0,69575.4762,29043.9714,39995.0,184400.0,2022.4845,2012,2026,-117.1017,47.6683,1.5155,388,168.7784,81.2428,69575.4762,1.5155,156.84,0.75,0.25,28,5.230768640458114,0.3244391160140917,190,Very High
Spokane,Mead,115,161.2174,84.4229,14.0,291.0,50139.2857,17623.7733,39995.0,81100.0,2021.9478,2012,2026,-117.3558,47.7647,2.0522,115,161.2174,84.4229,50139.2857,2.0522,47.68,0.7304347826086957,0.26956521739130435,24,4.97882354979567,0.12705451585834965,190,Very High
Spokane,Medical Lake,76,158.0789,95.6759,6.0,330.0,47281.6667,19996.8062,31950.0,69900.0,2020.8947,2012,2026,-117.6785,47.5718,3.1053,76,158.0789,95.6759,47281.6667,3.1053,32.02,0.6842105263157895,0.3157894736842105,19,4.653727142839379,0.26706787526768955,190,High
Spokane,Mica,5,225.0,25.2488,210.0,270.0,69900.0,0.0,69900.0,69900.0,2021.2,2016,2025,-117.2161,47.5644,2.8,5,225.0,25.2488,69900.0,2.8,3.51,1.0,0.0,2,5.116170759464543,0.230150754941195,190,Low
Spokane,Newman Lake,60,150.1667,90.727,19.0,291.0,80162.5,20525.0,69900.0,110950.0,2020.85,2010,2025,-117.0703,47.7245,3.15,60,150.1667,90.727,80162.5,3.15,25.42,0.6666666666666666,0.3333333333333333,14,5.26312968964284,0.36171671235927033,190,High
Spokane,Nine Mile Falls,74,162.5811,86.9902,6.0,293.0,65932.7778,12078.3865,39995.0,81100.0,2020.9324,2012,2026,-117.5429,47.7743,3.0676,74,162.5811,86.9902,65932.7778,3.0676,31.1,0.7432432432432432,0.25675675675675674,17,4.792149230773176,0.16433459769628436,190,High
Spokane,Otis Orchards,67,165.3433,81.2873,19.0,239.0,62092.8571,14605.1483,32250.0,69900.0,2021.4478,2013,2026,-117.1113,47.7079,2.5522,67,165.3433,81.2873,62092.8571,2.5522,28.36,0.746268656716418,0.2537313432835821,14,5.221790452517218,0.31850729975936426,190,High
Spokane,Reardan,4,126.0,103.5954,21.0,215.0,,,,,2021.75,2017,2024,-117.877,47.6695,2.25,4,126.0,103.5954,,2.25,,0.5,0.5,3,4.455549674282626,0.45112691119018167,190,Low
Spokane,Rockford,7,211.8571,5.8432,200.0,215.0,69900.0,,69900.0,69900.0,2019.8571,2015,2024,-117.1326,47.4523,4.1429,7,211.8571,5.8432,69900.0,4.1429,4.11,1.0,0.0,3,5.201777144399787,0.35878379283351486,190,Low
Spokane,Rosalia,2,215.0,0.0,215.0,215.0,,,,,2022.0,2022,2022,-117.3705,47.2344,2.0,2,215.0,0.0,,2.0,,1.0,0.0,1,4.975511008931636,0.42801356286921355,190,Low
Spokane,Spangle,16,133.8125,94.2629,17.0,289.0,,,,,2020.5625,2015,2025,-117.3925,47.4329,3.4375,16,133.8125,94.2629,,3.4375,,0.5625,0.4375,6,4.942639077456494,0.22837044467268863,190,Medium
Spokane,Spokane,4208,159.674,87.6113,6.0,337.0,60263.3228,20288.6909,31950.0,184400.0,2021.5779,2008,2026,-117.4058,47.667,2.4221,4208,159.674,87.6113,60263.3228,2.4221,1684.78,0.7157794676806084,0.28422053231939165,36,4.926675180078344,0.02180091741189218,190,Very High
Spokane,Spokane Valley,1064,145.2039,92.5512,6.0,337.0,47940.0,13901.8991,31950.0,91250.0,2021.6231,2011,2026,-117.2332,47.6648,2.3769,1064,145.2039,92.5512,47940.0,2.3769,427.26,0.6400375939849624,0.3599624060150376,33,5.0992367242558965,0.1928933384023463,190,Very High
Spokane,Valleyford,29,169.6207,81.6099,20.0,291.0,,,,,2021.7931,2014,2025,-117.2433,47.5397,2.2069,29,169.6207,81.6099,,2.2069,,0.7586206896551724,0.2413793103448276,11,5.0892344895868105,0.2180919530840098,190,Medium
Spokane,Veradale,87,155.8966,89.2075,16.0,322.0,64915.8333,12208.6651,39995.0,69900.0,2021.4253,2012,2026,-117.1953,47.6571,2.5747,87,155.8966,89.2075,64915.8333,2.5747,36.34,0.6896551724137931,0.3103448275862069,19,5.137052175129228,0.2307062634607033,190,High
St. Charles,O Fallon,1,215.0,,215.0,215.0,,,,,2024.0,2024,2024,-90.7025,38.7701,0.0,1,215.0,0.0,,0.0,,1.0,0.0,1,32.840649496774574,28.162997708695716,191,Low
St. Clair,Belleville,1,39.0,,39.0,39.0,,,,,2024.0,2024,2024,-89.9842,38.5124,0.0,1,39.0,0.0,,0.0,,0.0,1.0,1,33.601842700215116,28.92592297922402,192,Low
St. Louis,Ballwin,1,42.0,,42.0,42.0,,,,,2022.0,2022,2022,-90.5077,38.5703,2.0,1,42.0,0.0,,2.0,,0.0,1.0,1,33.08232041695383,28.411189822673744,193,Low
St. Louis,Saint Louis,2,268.5,75.6604,215.0,322.0,,,,,2022.5,2020,2025,-90.2609,38.6885,1.5,2,268.5,75.6604,,1.5,,1.0,0.0,1,33.28794440529483,28.60784752650922,193,Low
St. Mary'S,California,1,215.0,,215.0,215.0,,,,,2025.0,2025,2025,-76.5194,38.3034,-1.0,1,215.0,0.0,,-1.0,,1.0,0.0,1,46.747679826168905,41.96276245339432,194,Low
St. Mary'S,Leonardtown,1,215.0,,215.0,215.0,,,,,2023.0,2023,2023,-76.6357,38.2922,1.0,1,215.0,0.0,,1.0,,1.0,0.0,1,46.6359471755426,41.85190281994356,194,Low
St. Mary'S,Lexington Park,1,215.0,,215.0,215.0,,,,,2023.0,2023,2023,-76.4528,38.2656,1.0,1,215.0,0.0,,1.0,,1.0,0.0,1,46.82047604253934,42.03611928425364,194,Low
Stafford,Fredericksburg,1,220.0,,220.0,220.0,,,,,2019.0,2019,2019,-77.4406,38.3376,5.0,1,220.0,0.0,,5.0,,1.0,0.0,1,45.838343318776246,41.05748388053023,195,Low
Stafford,Stafford,2,215.0,0.0,215.0,215.0,,,,,2021.0,2021,2021,-77.4091,38.4496,3.0,2,215.0,0.0,,3.0,,1.0,0.0,2,45.8466929293706,41.06289870734896,195,Low
Stanislaus,Turlock,1,215.0,,215.0,215.0,,,,,2024.0,2024,2024,-120.8535,37.5338,0.0,1,215.0,0.0,,0.0,,1.0,0.0,1,10.180348703261595,10.689405093362303,196,Low
Stevens,Addy,6,212.6667,3.6148,208.0,215.0,69900.0,0.0,69900.0,69900.0,2020.3333,2013,2024,-117.8379,48.3561,3.6667,6,212.6667,3.6148,69900.0,3.6667,3.75,1.0,0.0,2,4.556334453263931,0.8098696808746455,197,Low
Stevens,Chewelah,27,153.7037,88.7875,6.0,220.0,57000.0,18243.355,44100.0,69900.0,2021.037,2012,2025,-117.7156,48.2814,2.963,27,153.7037,88.7875,57000.0,2.963,12.34,0.6666666666666666,0.3333333333333333,9,4.665615424571555,0.6866577895866282,197,Medium
Stevens,Clayton,9,162.3333,85.6388,38.0,238.0,,,,,2022.0,2015,2025,-117.5723,47.9968,2.0,9,162.3333,85.6388,,2.0,,0.6666666666666666,0.3333333333333333,6,4.7757998701788145,0.36830380122936507,197,Low
Stevens,Colville,70,150.0857,87.4974,14.0,259.0,64233.3333,9814.9546,52900.0,69900.0,2021.7286,2012,2025,-117.9045,48.5466,2.2714,70,150.0857,87.4974,64233.3333,2.2714,29.56,0.6571428571428571,0.34285714285714286,16,4.5263665251501655,1.0085390869966293,197,High
Stevens,Deer Park,18,109.8333,102.1897,21.0,322.0,,,,,2021.0556,2013,2024,-117.4715,47.9543,2.9444,18,109.8333,102.1897,,2.9444,,0.3888888888888889,0.6111111111111112,7,4.873048939832219,0.29898244095599125,197,Medium
Stevens,Evans,9,116.7778,93.4997,23.0,215.0,,,,,2020.4444,2012,2024,-118.0234,48.7133,3.5556,9,116.7778,93.4997,,3.5556,,0.4444444444444444,0.5555555555555556,5,4.448658910278468,1.2119641125049812,197,Low
Stevens,Ford,3,96.0,103.0679,35.0,215.0,,,,,2020.0,2012,2025,-117.8058,47.9089,4.0,3,96.0,103.0679,,4.0,,0.3333333333333333,0.6666666666666666,3,4.536410362830939,0.4547505360084845,197,Low
Stevens,Gifford,1,38.0,,38.0,38.0,,,,,2023.0,2023,2023,-118.1363,48.3108,1.0,1,38.0,0.0,,1.0,,0.0,1.0,1,4.254550364022023,0.9641732676236189,197,Low
Stevens,Hunters,3,132.0,164.6208,32.0,322.0,39995.0,,39995.0,39995.0,2022.0,2020,2023,-118.203,48.1178,2.0,3,132.0,164.6208,39995.0,2.0,3.09,0.3333333333333333,0.6666666666666666,3,4.160673187117675,0.9024466743248626,197,Low
Stevens,Kettle Falls,33,159.3333,89.2705,19.0,291.0,54947.5,21146.0283,39995.0,69900.0,2021.5152,2013,2026,-118.0621,48.6105,2.4848,33,159.3333,89.2705,54947.5,2.4848,14.81,0.6666666666666666,0.3333333333333333,9,4.386515529437912,1.1447078666629331,197,Medium
Stevens,Loon Lake,23,147.8261,93.8726,19.0,259.0,69900.0,0.0,69900.0,69900.0,2021.5217,2013,2025,-117.6373,48.0629,2.4783,23,147.8261,93.8726,69900.0,2.4783,10.72,0.6521739130434783,0.34782608695652173,9,4.71696109057516,0.45600932008019013,197,Medium
Stevens,Nine Mile Falls,83,171.5181,82.8132,21.0,322.0,61843.8889,14799.6017,32250.0,69900.0,2020.9157,2011,2026,-117.5439,47.7768,3.0843,83,171.5181,82.8132,61843.8889,3.0843,34.72,0.7831325301204819,0.21686746987951808,17,4.791238211569117,0.16680650466932798,197,High
Stevens,Northport,1,215.0,,215.0,215.0,,,,,2023.0,2023,2023,-117.7781,48.9174,1.0,1,215.0,0.0,,1.0,,1.0,0.0,1,4.739004266721018,1.3069232456422215,197,Low
Stevens,Rice,7,165.1429,85.1517,39.0,215.0,,,,,2023.2857,2022,2025,-118.1616,48.4293,0.7143,7,165.1429,85.1517,,0.7143,,0.7142857142857143,0.2857142857142857,4,4.250948583551666,1.0652594097214092,197,Low
Stevens,Springdale,4,173.75,91.6019,38.0,238.0,,,,,2018.75,2013,2024,-117.7414,48.0574,5.25,4,173.75,91.6019,,5.25,,0.75,0.25,3,4.612819954214556,0.5082903894428847,197,Low
Stevens,Tumtum,1,215.0,,215.0,215.0,,,,,2021.0,2021,2021,-117.6702,47.8927,3.0,1,215.0,0.0,,3.0,,1.0,0.0,1,4.670695222341105,0.33814619619329667,197,Low
Stevens,Valley,11,156.4545,91.324,6.0,249.0,69900.0,,69900.0,69900.0,2020.3636,2012,2024,-117.7255,48.1762,3.6364,11,156.4545,91.324,69900.0,3.6364,5.82,0.7272727272727273,0.2727272727272727,5,4.641730664310457,0.597831924540668,197,Medium
Stevens,Wellpinit,2,21.0,0.0,21.0,21.0,,,,,2024.0,2024,2024,-117.987,47.8868,0.0,2,21.0,0.0,,0.0,,0.0,1.0,1,4.354150935601569,0.6055617227004962,197,Low
Suffolk,Boston,2,123.5,129.4005,32.0,215.0,39995.0,,39995.0,39995.0,2022.0,2022,2022,-71.061,42.3601,2.0,2,123.5,129.4005,39995.0,2.0,2.61,0.5,0.5,2,51.53879374238399,46.66679169055871,198,Low
Suffolk,Hyde Park,1,220.0,,220.0,220.0,,,,,2019.0,2019,2019,-71.1239,42.2564,5.0,1,220.0,0.0,,5.0,,1.0,0.0,1,51.486892577431774,46.616203086158784,198,Low
Suffolk,Suffolk,2,114.5,142.1285,14.0,215.0,54950.0,,54950.0,54950.0,2018.0,2018,2018,-76.4205,36.877,6.0,2,114.5,142.1285,54950.0,6.0,2.08,0.5,0.5,2,47.14860281280877,42.39927170942916,198,Low
Sussex,Stanhope,1,84.0,,84.0,84.0,,,,,2016.0,2016,2016,-74.7089,40.9035,8.0,1,84.0,0.0,,8.0,,1.0,0.0,1,48.092570793522775,43.24794458121681,199,Low
Talladega,Talladega,1,21.0,,21.0,21.0,,,,,2024.0,2024,2024,-86.1024,33.4346,0.0,1,21.0,0.0,,0.0,,0.0,1.0,1,38.90276865018735,34.40197352769169,200,Low
Tarrant,Southlake,1,220.0,,220.0,220.0,,,,,2019.0,2019,2019,-97.1312,32.9426,5.0,1,220.0,0.0,,5.0,,1.0,0.0,1,29.156586318874844,25.068814281493246,201,Low
Texas,Summersville,1,215.0,,215.0,215.0,,,,,2018.0,2018,2018,-91.6568,37.1796,6.0,1,215.0,0.0,,6.0,,1.0,0.0,1,32.39888914222214,27.818434558400295,202,Low
Thurston,Bucoda,3,167.6667,81.9837,73.0,215.0,,,,,2019.3333,2012,2024,-122.8689,46.7982,4.6667,3,167.6667,81.9837,,4.6667,,1.0,0.0,3,0.9700609465389272,5.510516561085715,203,Low
Thurston,Centralia,24,179.7917,81.2147,21.0,322.0,,,,,2021.0,2013,2024,-122.9527,46.729,3.0,24,179.7917,81.2147,,3.0,,0.7916666666666666,0.20833333333333334,6,1.0745344108031154,5.604368022355411,203,Medium
Thurston,Lacey,1414,169.4908,82.4391,6.0,330.0,56575.9877,20241.225,31950.0,184400.0,2021.7723,2011,2026,-122.793,47.0525,2.2277,1414,169.4908,82.4391,56575.9877,2.2277,567.23,0.7673267326732673,0.23267326732673269,34,0.7204252216573264,5.401137721813807,203,Very High
Thurston,Oakville,2,117.0,138.5929,19.0,215.0,,,,,2019.0,2015,2023,-123.2329,46.8408,5.0,2,117.0,138.5929,,5.0,,0.5,0.5,2,1.1820650574312763,5.8642315447124,203,Low
Thurston,Olympia,5956,167.4788,82.8687,6.0,337.0,57152.1329,17695.6894,31950.0,184400.0,2021.2446,2000,2026,-122.8753,47.037,2.7554,5956,167.4788,82.8687,57152.1329,2.7554,2383.98,0.7657824042981867,0.2342175957018133,35,0.7868004067106226,5.484660949411543,203,Very High
Thurston,Rainier,83,151.6145,90.5822,17.0,291.0,54947.5,17265.6598,39995.0,69900.0,2021.3494,2013,2025,-122.6899,46.889,2.6506,83,151.6145,90.5822,54947.5,2.6506,34.78,0.6746987951807228,0.3253012048192771,22,0.8014965252575932,5.319890529888742,203,High
Thurston,Rochester,152,162.7105,83.6117,6.0,291.0,48539.2857,14592.1458,39995.0,69900.0,2021.2105,2012,2026,-123.0874,46.8218,2.7895,152,162.7105,83.6117,48539.2857,2.7895,62.43,0.7302631578947368,0.26973684210526316,21,1.0889267422558806,5.722937965765486,203,Very High
Thurston,Tenino,124,159.8548,86.9463,14.0,322.0,67966.6667,14199.061,52900.0,81100.0,2020.7661,2011,2025,-122.8514,46.8575,3.2339,124,159.8548,86.9463,67966.6667,3.2339,51.06,0.7338709677419355,0.2661290322580645,19,0.9111663843667634,5.484254447962818,203,Very High
Thurston,Tumwater,959,168.1303,82.8451,6.0,322.0,56729.875,13902.6737,31950.0,69900.0,2021.0876,2011,2026,-122.8997,47.0299,2.9124,959,168.1303,82.8451,56729.875,2.9124,385.16,0.7570385818561001,0.2429614181438999,29,0.8088828407130432,5.509710237389979,203,Very High
Thurston,Yelm,458,164.8297,85.6627,6.0,337.0,55389.7826,14399.4725,31950.0,69900.0,2021.5721,2011,2026,-122.6074,46.9424,2.4279,458,164.8297,85.6627,55389.7826,2.4279,184.82,0.7358078602620087,0.26419213973799127,29,0.7186240533129985,5.230691629220744,203,Very High
Tooele,Tooele,1,210.0,,210.0,210.0,69900.0,,69900.0,69900.0,2016.0,2016,2016,-112.2985,40.5341,8.0,1,210.0,0.0,69900.0,8.0,1.31,1.0,0.0,1,12.27549295832961,8.777961400006264,204,Low
Travis,Austin,3,155.0,103.923,35.0,215.0,,,,,2019.0,2012,2023,-97.748,30.3616,5.0,3,155.0,103.923,,5.0,,0.6666666666666666,0.3333333333333333,3,30.029222466957076,26.199557474125395,205,Low
Travis,Leander,1,265.0,,265.0,265.0,59900.0,,59900.0,59900.0,2012.0,2012,2012,-97.8532,30.5796,12.0,1,265.0,0.0,59900.0,12.0,1.06,1.0,0.0,1,29.818143013440658,25.976789110280738,205,Low
Ventura,Camarillo,1,32.0,,32.0,32.0,39995.0,,39995.0,39995.0,2020.0,2020,2020,-119.0507,34.2234,4.0,1,32.0,0.0,39995.0,4.0,1.56,0.0,1.0,1,13.779220652852615,13.5332783629836,206,Low
Ventura,Moorpark,1,125.0,,125.0,125.0,,,,,2019.0,2019,2019,-118.8822,34.2871,5.0,1,125.0,0.0,,5.0,,1.0,0.0,1,13.758642186640365,13.45075757457549,206,Low
Ventura,Port Hueneme,1,215.0,,215.0,215.0,,,,,2023.0,2023,2023,-119.1956,34.1502,1.0,1,215.0,0.0,,1.0,,1.0,0.0,1,13.81671336642691,13.624014023774345,206,Low
Ventura,Ventura,1,215.0,,215.0,215.0,,,,,2021.0,2021,2021,-119.2931,34.2794,3.0,1,215.0,0.0,,3.0,,1.0,0.0,1,13.668910682274575,13.509049069790215,206,Low
Virginia Beach,Virginia Beach,8,169.625,85.5803,30.0,220.0,,,,,2021.75,2018,2024,-76.1302,36.8263,2.25,8,169.625,85.5803,,2.25,,0.75,0.25,5,47.44282672459556,42.692928616926714,207,Low
Wahkiakum,Cathlamet,63,157.0952,93.8968,17.0,322.0,59198.75,14823.3601,39995.0,69900.0,2020.619,2013,2025,-123.3866,46.2078,3.381,63,157.0952,93.8968,59198.75,3.381,26.7,0.6666666666666666,0.3333333333333333,15,1.7514259362017042,6.134668154024307,208,High
Wahkiakum,Grays River,5,205.0,98.5825,38.0,293.0,,,,,2018.8,2014,2021,-123.6102,46.3559,5.2,5,205.0,98.5825,,5.2,,0.8,0.2,3,1.7879568507097787,6.319958706352444,208,Low
Wahkiakum,Naselle,6,167.0,97.7405,42.0,249.0,69900.0,,69900.0,69900.0,2021.6667,2018,2024,-123.8115,46.3654,2.3333,6,167.0,97.7405,69900.0,2.3333,3.98,0.6666666666666666,0.3333333333333333,4,1.9308570635860116,6.515174119699328,208,Low
Wahkiakum,Rosburg,4,173.0,84.0,47.0,215.0,,,,,2021.75,2018,2024,-123.6386,46.334,2.25,4,173.0,84.0,,2.25,,0.75,0.25,4,1.8235775525049638,6.352282566133211,208,Low
Wahkiakum,Skamokawa,9,216.7778,82.0256,25.0,322.0,,,,,2020.3333,2017,2023,-123.458,46.2716,3.6667,9,216.7778,82.0256,,3.6667,,0.8888888888888888,0.1111111111111111,4,1.7460836091092569,6.1894545672458054,208,Low
Wake,Holly Springs,1,215.0,,215.0,215.0,,,,,2023.0,2023,2023,-78.8336,35.6524,1.0,1,215.0,0.0,,1.0,,1.0,0.0,1,45.11111655335079,40.41691451261464,209,Low
Wake,Morrisville,1,215.0,,215.0,215.0,,,,,2022.0,2022,2022,-78.8302,35.823,2.0,1,215.0,0.0,,2.0,,1.0,0.0,1,45.06949196352228,40.3698147045537,209,Low
Walla Walla,Burbank,20,200.85,58.822,20.0,289.0,,,,,2021.55,2017,2025,-119.0156,46.1992,2.45,20,200.85,58.822,,2.45,,0.9,0.1,5,3.602613114115912,2.158068655071015,210,Medium
Walla Walla,College Place,101,167.0198,88.7528,6.0,322.0,61186.25,14318.9125,39995.0,69900.0,2021.505,2012,2025,-118.3886,46.0346,2.495,101,167.0198,88.7528,61186.25,2.495,41.99,0.7326732673267327,0.26732673267326734,16,4.245128833145116,1.8880212922528168,210,Very High
Walla Walla,Dixie,1,215.0,,215.0,215.0,,,,,2024.0,2024,2024,-118.1557,46.1405,0.0,1,215.0,0.0,,0.0,,1.0,0.0,1,4.4261262352083905,1.6845465205805332,210,Low
Walla Walla,Prescott,2,215.0,0.0,215.0,215.0,,,,,2024.0,2024,2024,-118.3124,46.2996,0.0,2,215.0,0.0,,0.0,,1.0,0.0,2,4.226723512367471,1.6226920841613772,210,Low
Walla Walla,Touchet,13,168.7692,88.9458,19.0,289.0,31950.0,,31950.0,31950.0,2021.6154,2013,2025,-118.6692,46.0424,2.3846,13,168.7692,88.9458,31950.0,2.3846,7.1,0.7692307692307693,0.23076923076923078,5,3.9827511659655506,2.0391898391272942,210,Medium
Walla Walla,Waitsburg,13,162.3077,94.895,16.0,259.0,39995.0,,39995.0,39995.0,2021.0,2013,2025,-118.1545,46.2701,3.0,13,162.3077,94.895,39995.0,3.0,6.91,0.6923076923076923,0.3076923076923077,8,4.386058021732041,1.5681836435825989,210,Medium
Walla Walla,Walla Walla,534,150.0468,90.6233,6.0,337.0,59229.3478,13683.2384,34995.0,81100.0,2021.161,2011,2026,-118.3426,46.0707,2.839,534,150.0468,90.6233,59229.3478,2.839,215.14,0.6704119850187266,0.3295880149812734,26,4.274794790396369,1.833634960945061,210,Very High
Walla Walla,Walla Walla Co,2,31.0,12.7279,22.0,40.0,,,,,2021.5,2018,2025,-118.3426,46.0707,2.5,2,31.0,12.7279,,2.5,,0.0,1.0,2,4.274794790396369,1.833634960945061,210,Low
Wasco,The Dalles,1,6.0,,6.0,6.0,,,,,2015.0,2015,2015,-121.1833,45.6017,9.0,1,6.0,0.0,,9.0,,0.0,1.0,1,2.3103596451634947,4.283569037613377,211,Low
Washington,Beaverton,1,215.0,,215.0,215.0,,,,,2022.0,2022,2022,-122.8843,45.5304,2.0,1,215.0,0.0,,2.0,,1.0,0.0,1,2.147992197378753,5.858594153037052,212,Low
Washoe,Sparks,2,261.5,65.7609,215.0,308.0,69900.0,,69900.0,69900.0,2021.5,2020,2023,-119.7209,39.5823,2.5,2,261.5,65.7609,69900.0,2.5,2.49,1.0,0.0,1,8.438088447628411,8.396214519651105,213,Low
Washtenaw,Ann Arbor,1,6.0,,6.0,6.0,,,,,2015.0,2015,2015,-83.6837,42.2871,9.0,1,6.0,0.0,,9.0,,0.0,1.0,1,39.012711356300265,34.167206063417005,214,Low
Wayne,Taylor,1,215.0,,215.0,215.0,,,,,2022.0,2022,2022,-83.2628,42.2266,2.0,1,215.0,0.0,,2.0,,1.0,0.0,1,39.43792969528192,34.59238400399718,215,Low
Weld,Windsor,1,215.0,,215.0,215.0,,,,,2022.0,2022,2022,-104.9014,40.4785,2.0,1,215.0,0.0,,2.0,,1.0,0.0,1,18.831712874297974,14.436838755420114,216,Low
Whatcom,Acme,11,133.7273,94.9106,19.0,215.0,69900.0,,69900.0,69900.0,2020.4545,2014,2024,-122.2035,48.7177,3.5455,11,133.7273,94.9106,69900.0,3.5455,5.79,0.6363636363636364,0.36363636363636365,6,1.1189147465289733,4.893442087120275,217,Medium
Whatcom,Bellingham,4186,158.1565,85.2376,6.0,337.0,55327.5908,18273.9937,31950.0,184400.0,2020.9056,2011,2026,-122.4739,48.7648,3.0944,4186,158.1565,85.2376,55327.5908,3.0944,1675.94,0.747730530339226,0.252269469660774,37,1.1672451327806002,5.167642635670543,217,Very High
Whatcom,Blaine,575,170.1043,82.2668,6.0,337.0,63652.7273,22939.5496,31950.0,184400.0,2021.2261,2011,2026,-122.7489,48.994,2.7739,575,170.1043,82.2668,63652.7273,2.7739,231.54,0.7773913043478261,0.22260869565217392,31,1.449037984319253,5.487806797801836,217,Very High
Whatcom,Custer,36,160.2222,81.0785,19.0,215.0,59931.6667,17265.6598,39995.0,69900.0,2020.6667,2012,2025,-122.6422,48.9186,3.3333,36,160.2222,81.0785,59931.6667,3.3333,15.88,0.7777777777777778,0.2222222222222222,13,1.3485383828426964,5.366175405258386,217,Medium
Whatcom,Deming,41,161.7073,82.1241,18.0,249.0,62583.3333,8743.6167,52900.0,69900.0,2021.0488,2012,2025,-122.2172,48.8265,2.9512,41,161.7073,82.1241,62583.3333,2.9512,17.91,0.8048780487804879,0.1951219512195122,16,1.2256973933234918,4.931442053801306,217,Medium
Whatcom,Everson,109,178.0734,81.6184,19.0,330.0,54416.6667,18606.4684,31950.0,69900.0,2020.4312,2000,2026,-122.3453,48.9201,3.5688,109,178.0734,81.6184,54416.6667,3.5688,45.13,0.8440366972477065,0.1559633027522936,14,1.3139663047430066,5.07842398584442,217,Very High
Whatcom,Ferndale,538,167.3829,82.086,6.0,322.0,65209.5714,13409.3804,36900.0,98950.0,2021.1561,2008,2026,-122.5945,48.8479,2.8439,538,167.3829,82.086,65209.5714,2.8439,216.72,0.7695167286245354,0.23048327137546468,26,1.2691227875977973,5.303522514329504,217,Very High
Whatcom,Glacier,23,193.1304,66.8392,16.0,266.0,67000.0,19940.4112,52900.0,81100.0,2022.1304,2018,2025,-122.2172,48.8265,1.8696,23,193.1304,66.8392,67000.0,1.8696,10.83,0.8695652173913043,0.13043478260869565,13,1.2256973933234918,4.931442053801306,217,Medium
Whatcom,Lummi Island,61,152.082,93.5185,13.0,322.0,68250.0,2857.8838,64950.0,69900.0,2020.4262,2011,2026,-122.6833,48.7205,3.5738,61,152.082,93.5185,68250.0,3.5738,25.83,0.6885245901639344,0.3114754098360656,17,1.1683346823577583,5.363432686256071,217,High
Whatcom,Lynden,343,165.9067,82.7896,6.0,322.0,60968.3333,13919.1712,31950.0,69900.0,2021.2216,2011,2026,-122.4508,48.9429,2.7784,343,165.9067,82.7896,60968.3333,2.7784,138.75,0.7551020408163265,0.24489795918367346,25,1.341959977048497,5.1862826619844,217,Very High
Whatcom,Maple Falls,50,163.3,78.7482,19.0,238.0,35972.5,5688.6741,31950.0,39995.0,2020.24,2013,2025,-122.0773,48.9237,3.76,50,163.3,78.7482,35972.5,3.76,21.66,0.78,0.22,13,1.341912549311612,4.820224444981781,217,Medium
Whatcom,Nooksack,14,196.7857,60.104,34.0,249.0,69900.0,,69900.0,69900.0,2020.9286,2016,2025,-122.3218,48.9286,3.0714,14,196.7857,60.104,69900.0,3.0714,7.09,0.9285714285714286,0.07142857142857142,6,1.3224401120655729,5.0577909881686445,217,Medium
Whatcom,Point Roberts,78,170.6154,85.1979,6.0,322.0,60837.5,13266.4924,32250.0,69900.0,2020.8718,2013,2025,-123.0569,48.9887,3.1282,78,170.6154,85.1979,60837.5,3.1282,32.73,0.7948717948717948,0.20512820512820512,17,1.5609744680807573,5.785816175787127,217,High
Whatcom,Sedro Woolley,56,170.5893,84.045,14.0,322.0,68250.0,2857.8838,64950.0,69900.0,2020.9107,2012,2025,-122.2386,48.5086,3.0893,56,170.5893,84.045,68250.0,3.0893,23.89,0.7678571428571429,0.23214285714285715,15,0.9072309573642197,4.887052158510285,217,High
Whatcom,Sumas,23,154.6957,91.47,19.0,258.0,39995.0,,39995.0,39995.0,2021.8696,2013,2026,-122.265,48.9998,2.1304,23,154.6957,91.47,39995.0,2.1304,10.98,0.6956521739130435,0.30434782608695654,12,1.3952144530501387,5.0213745130193175,217,Medium
Whitman,Colfax,30,163.6333,81.9939,25.0,239.0,,,,,2020.7333,2015,2024,-117.3648,46.8796,3.2667,30,163.6333,81.9939,,3.2667,,0.7333333333333333,0.26666666666666666,8,5.020161038253648,0.7815996929374995,218,Medium
Whitman,Colton,6,125.5,98.4962,25.0,215.0,,,,,2021.8333,2017,2026,-117.1298,46.568,2.1667,6,125.5,98.4962,,2.1667,,0.5,0.5,6,5.304883083537274,1.1303004379367472,218,Low
Whitman,Endicott,6,130.8333,93.5872,26.0,215.0,,,,,2021.3333,2013,2024,-117.6848,46.9275,2.6667,6,130.8333,93.5872,,2.6667,,0.6666666666666666,0.3333333333333333,4,4.6965978090528475,0.7757429535612894,218,Low
Whitman,Farmington,1,21.0,,21.0,21.0,,,,,2024.0,2024,2024,-117.0455,47.0892,0.0,1,21.0,0.0,,0.0,,0.0,1.0,1,5.311819703265532,0.68499956934293,218,Low
Whitman,Garfield,7,195.8571,69.9105,42.0,259.0,69900.0,,69900.0,69900.0,2022.0,2017,2025,-117.1336,47.0071,2.0,7,195.8571,69.9105,69900.0,2.0,4.42,0.8571428571428571,0.14285714285714285,5,5.232907706046415,0.7142903121280576,218,Low
Whitman,Lacrosse,2,123.5,129.4005,32.0,215.0,39995.0,,39995.0,39995.0,2023.5,2023,2024,-117.8814,46.8161,0.5,2,123.5,129.4005,39995.0,0.5,2.76,0.5,0.5,2,4.5202863294264874,0.9578791416457499,218,Low
Whitman,Lamont,1,25.0,,25.0,25.0,,,,,2017.0,2017,2017,-117.9063,47.2014,7.0,1,25.0,0.0,,7.0,,0.0,1.0,1,4.444273695442255,0.6632517244606301,218,Low
Whitman,Malden,1,38.0,,38.0,38.0,,,,,2023.0,2023,2023,-117.4751,47.2288,1.0,1,38.0,0.0,,1.0,,0.0,1.0,1,4.87164035618394,0.4327941889628364,218,Low
Whitman,Oakesdale,4,167.5,95.0,25.0,215.0,,,,,2022.75,2021,2024,-117.2426,47.129,1.25,4,167.5,95.0,,1.25,,0.75,0.25,3,5.111822580058899,0.5606456991719494,218,Low
Whitman,Palouse,29,140.6207,87.3713,21.0,238.0,31950.0,,31950.0,31950.0,2021.069,2011,2025,-117.0768,46.9101,2.931,29,140.6207,87.3713,31950.0,2.931,13.39,0.6896551724137931,0.3103448275862069,11,5.301201118614527,0.8261309399846956,218,Medium
Whitman,Pullman,407,154.1671,87.1852,6.0,322.0,60721.1111,14281.9921,39995.0,81100.0,2021.6806,2011,2026,-117.1815,46.7302,2.3194,407,154.1671,87.1852,60721.1111,2.3194,164.38,0.6855036855036855,0.3144963144963145,25,5.224562791277369,0.960249035406958,218,Very High
Whitman,Rosalia,10,155.8,80.3752,32.0,215.0,39995.0,,39995.0,39995.0,2020.1,2015,2024,-117.3705,47.2344,3.9,10,155.8,80.3752,39995.0,3.9,5.58,0.6,0.4,5,4.975511008931636,0.42801356286921355,218,Low
Whitman,St John,2,215.0,0.0,215.0,215.0,,,,,2023.0,2022,2024,-117.5821,47.0918,1.0,2,215.0,0.0,,1.0,,1.0,0.0,1,4.777772217257747,0.5880954089261357,218,Low
Whitman,Tekoa,3,150.3333,112.006,21.0,215.0,,,,,2020.6667,2017,2024,-117.0735,47.2268,3.3333,3,150.3333,112.006,,3.3333,,0.6666666666666666,0.3333333333333333,3,5.2722688019485515,0.5575663637631006,218,Low
Whitman,Uniontown,4,166.5,97.0,21.0,215.0,,,,,2023.25,2022,2024,-117.098,46.5463,0.75,4,166.5,97.0,,0.75,,0.75,0.25,3,5.34033620851721,1.1598449249791956,218,Low
Williamsburg,Williamsburg,1,38.0,,38.0,38.0,,,,,2013.0,2013,2013,-76.7103,37.2757,11.0,1,38.0,0.0,,11.0,,0.0,1.0,1,46.776787678184995,42.01876952148884,219,Low
Williamson,Austin,1,220.0,,220.0,220.0,,,,,2019.0,2019,2019,-97.794,30.4927,5.0,1,220.0,0.0,,5.0,,1.0,0.0,1,29.916387379829136,26.07854315735448,220,Low
Williamson,Brentwood,1,23.0,,23.0,23.0,,,,,2023.0,2023,2023,-86.7888,36.0331,1.0,1,23.0,0.0,,1.0,,0.0,1.0,1,37.379978845633396,32.768810236717485,220,Low
Williamson,Hutto,1,215.0,,215.0,215.0,,,,,2024.0,2024,2024,-97.5423,30.5437,0.0,1,215.0,0.0,,0.0,,1.0,0.0,1,30.094236828502563,26.235246781762893,220,Low
Wise,Alvord,1,200.0,,200.0,200.0,,,,,2017.0,2017,2017,-97.6945,33.3591,7.0,1,200.0,0.0,,7.0,,1.0,0.0,1,28.460344203294515,24.368289072891432,221,Low
Yakima,Buena,2,215.0,0.0,215.0,215.0,,,,,2022.5,2021,2024,-120.313,46.4273,1.5,2,215.0,0.0,,1.5,,1.0,0.0,1,2.3380697209450307,3.1386878229604163,222,Low
Yakima,Cowiche,6,188.0,66.1362,53.0,215.0,,,,,2021.8333,2017,2024,-120.7098,46.6546,2.1667,6,188.0,66.1362,,2.1667,,0.8333333333333334,0.16666666666666666,4,1.8807976632269576,3.4339132312858447,222,Low
Yakima,Grandview,57,187.7544,83.0611,19.0,330.0,69900.0,0.0,69900.0,69900.0,2021.0702,2013,2025,-119.9012,46.2561,2.9298,57,187.7544,83.0611,69900.0,2.9298,24.33,0.8070175438596491,0.19298245614035087,13,2.780655465892883,2.8450276501292553,222,High
Yakima,Granger,9,153.5556,93.4948,25.0,220.0,69900.0,,69900.0,69900.0,2021.5556,2014,2024,-120.1871,46.3395,2.4444,9,153.5556,93.4948,69900.0,2.4444,5.14,0.6666666666666666,0.3333333333333333,6,2.491094917902564,3.0601022368541857,222,Low
Yakima,Harrah,1,53.0,,53.0,53.0,,,,,2017.0,2017,2017,-120.5435,46.4036,7.0,1,53.0,0.0,,7.0,,0.0,1.0,1,2.1553043218998145,3.3607042848188766,222,Low
Yakima,Mabton,12,173.25,87.273,25.0,259.0,39995.0,,39995.0,39995.0,2021.75,2019,2024,-119.9904,46.2147,2.25,12,173.25,87.273,39995.0,2.25,6.6,0.75,0.25,6,2.7239366989708143,2.943054904346835,222,Medium
Yakima,Moxee,47,158.2553,86.132,6.0,289.0,59250.0,18150.6198,32250.0,69900.0,2020.4894,2011,2026,-120.3944,46.5572,3.5106,47,158.2553,86.132,59250.0,3.5106,20.28,0.723404255319149,0.2765957446808511,13,2.20342512693306,3.1662155833107777,222,Medium
Yakima,Naches,36,154.3611,92.2636,21.0,322.0,60759.0,15739.7556,39995.0,81100.0,2022.1389,2012,2026,-120.6923,46.7251,1.8611,36,154.3611,92.2636,60759.0,1.8611,16.04,0.6666666666666666,0.3333333333333333,16,1.8615265912685712,3.397132817538933,222,Medium
Yakima,Outlook,19,169.5263,98.9587,17.0,322.0,58281.6667,16028.9506,39995.0,69900.0,2020.8947,2012,2024,-120.0851,46.3294,3.1053,19,169.5263,98.9587,58281.6667,3.1053,9.17,0.7368421052631579,0.2631578947368421,10,2.5844200974299834,2.972897100472866,222,Medium
Yakima,Parker,2,120.0,134.3503,25.0,215.0,,,,,2022.5,2021,2024,-120.4672,46.5034,1.5,2,120.0,134.3503,,1.5,,0.5,0.5,2,2.1665686811176728,3.253282434711137,222,Low
Yakima,Prosser,1,215.0,,215.0,215.0,,,,,2024.0,2024,2024,-119.769,46.2066,0.0,1,215.0,0.0,,0.0,,1.0,0.0,1,2.920335900200515,2.756543821527242,222,Low
Yakima,Selah,152,169.4474,81.6042,14.0,330.0,68732.0588,10436.4208,39995.0,90700.0,2021.4342,2012,2026,-120.5314,46.654,2.5658,152,169.4474,81.6042,68732.0588,2.5658,62.34,0.75,0.25,19,2.036959825327924,3.263913632435762,222,Very High
Yakima,Sunnyside,105,165.5333,86.983,19.0,330.0,59931.6667,15442.8756,39995.0,69900.0,2021.4381,2011,2026,-120.0098,46.3238,2.5619,105,165.5333,86.983,59931.6667,2.5619,43.58,0.7428571428571429,0.2571428571428571,18,2.652852625005769,2.90830662757557,222,Very High
Yakima,Tieton,19,198.2105,62.653,42.0,322.0,69900.0,,69900.0,69900.0,2021.1053,2016,2025,-120.7525,46.7041,2.8947,19,198.2105,62.653,69900.0,2.8947,9.12,0.9473684210526315,0.05263157894736842,8,1.819043861483281,3.4607881096651925,222,Medium
Yakima,Toppenish,30,216.4667,54.5526,25.0,330.0,68471.4286,3779.6447,59900.0,69900.0,2020.1333,2012,2024,-120.313,46.3751,3.8667,30,216.4667,54.5526,68471.4286,3.8667,13.45,0.9666666666666667,0.03333333333333333,8,2.3648196590860735,3.1595339355670786,222,Medium
Yakima,Union Gap,21,160.4762,87.2236,13.0,259.0,81100.0,,81100.0,81100.0,2020.2381,2014,2026,-120.4778,46.5535,3.7619,21,160.4762,87.2236,81100.0,3.7619,9.77,0.7619047619047619,0.23809523809523808,9,2.132277134895927,3.2457928661576663,222,Medium
Yakima,Wapato,32,184.6562,81.5834,11.0,308.0,58900.0,19052.5589,36900.0,69900.0,2020.9062,2013,2025,-120.4208,46.4478,3.0938,32,184.6562,81.5834,58900.0,3.0938,14.36,0.8125,0.1875,11,2.2349403235880794,3.230378931332977,222,Medium
Yakima,White Swan,2,117.0,138.5929,19.0,215.0,69900.0,,69900.0,69900.0,2020.5,2016,2025,-120.7306,46.3829,3.5,2,117.0,138.5929,69900.0,3.5,2.25,0.5,0.5,2,2.0152580827278697,3.5423582498104222,222,Low
Yakima,Yakima,1092,159.4808,88.6958,6.0,330.0,62086.7105,13062.5579,31950.0,81100.0,2021.3205,2011,2026,-120.5509,46.5935,2.6795,1092,159.4808,88.6958,62086.7105,2.6795,438.35,0.7023809523809523,0.2976190476190476,36,2.048959426147819,3.301494222318128,222,Very High
Yakima,Zillah,48,172.2708,84.573,20.0,322.0,51331.6667,16211.1076,39995.0,69900.0,2021.5625,2011,2025,-120.2673,46.4026,2.4375,48,172.2708,84.573,51331.6667,2.4375,20.86,0.7916666666666666,0.20833333333333334,16,2.389989958137893,3.106609748584463,222,Medium
York,Williamsburg,1,215.0,,215.0,215.0,,,,,2022.0,2022,2022,-76.7103,37.2757,2.0,1,215.0,0.0,,2.0,,1.0,0.0,1,46.776787678184995,42.01876952148884,223,Low
York,Yorktown,2,215.0,0.0,215.0,215.0,,,,,2022.5,2021,2024,-76.549,37.2409,1.5,2,215.0,0.0,,1.5,,1.0,0.0,2,46.94179043986285,42.18366709296383,223,Low
Yuba,Beale Afb,1,215.0,,215.0,215.0,,,,,2023.0,2023,2023,-121.3373,39.0943,1.0,1,215.0,0.0,,1.0,,1.0,0.0,1,8.569834808792995,9.41535596459316,224,Low
Yuba,Olivehurst,1,215.0,,215.0,215.0,,,,,2023.0,2023,2023,-121.5513,39.101,1.0,1,215.0,0.0,,1.0,,1.0,0.0,1,8.54096456379489,9.500212678145683,224,Low
